product_id,product_category_name,product_weight_g,product_length_cm,product_height_cm,product_width_cm
PROD_1001,furniture_decor,2124,18,45,41
PROD_1002,furniture_decor,3957,32,23,79
PROD_1003,furniture_decor,1724,90,64,14
PROD_1004,furniture_decor,788,26,37,39
PROD_1005,furniture_decor,8579,92,13,35
PROD_1006,furniture_decor,12031,98,79,63
PROD_1007,furniture_decor,3911,72,45,10
PROD_1008,furniture_decor,12732,118,30,64
PROD_1009,furniture_decor,5874,50,29,37
PROD_1010,furniture_decor,12809,58,23,21
PROD_1011,furniture_decor,6524,27,55,54
PROD_1012,furniture_decor,10191,48,15,68
PROD_1013,furniture_decor,9085,30,58,20
PROD_1014,furniture_decor,9344,52,56,34
PROD_1015,furniture_decor,11843,23,15,39
PROD_1016,furniture_decor,12965,52,20,39
PROD_1017,furniture_decor,14496,27,58,45
PROD_1018,furniture_decor,7728,96,56,30
PROD_1019,furniture_decor,6365,60,36,44
PROD_1020,furniture_decor,11798,102,19,31
PROD_1021,furniture_decor,9051,108,41,30
PROD_1022,furniture_decor,7873,63,44,38
PROD_1023,furniture_decor,11516,56,17,39
PROD_1024,furniture_decor,13764,19,50,61
PROD_1025,furniture_decor,4686,23,37,50
PROD_1026,bed_bath_table,13871,51,53,80
PROD_1027,bed_bath_table,9768,31,72,53
PROD_1028,bed_bath_table,14949,102,16,15
PROD_1029,bed_bath_table,1931,95,68,12
PROD_1030,bed_bath_table,2335,35,66,68
PROD_1031,bed_bath_table,311,69,35,26
PROD_1032,bed_bath_table,14753,98,48,30
PROD_1033,bed_bath_table,14626,50,21,56
PROD_1034,bed_bath_table,4402,25,57,31
PROD_1035,bed_bath_table,1148,65,49,39
PROD_1036,bed_bath_table,7332,98,21,22
PROD_1037,bed_bath_table,317,42,71,19
PROD_1038,bed_bath_table,2474,90,38,76
PROD_1039,bed_bath_table,11440,71,11,11
PROD_1040,bed_bath_table,11696,58,25,64
PROD_1041,bed_bath_table,11671,31,71,19
PROD_1042,bed_bath_table,4051,64,21,23
PROD_1043,bed_bath_table,1990,55,57,48
PROD_1044,bed_bath_table,2546,63,27,28
PROD_1045,bed_bath_table,1420,82,11,31
PROD_1046,computers_accessories,9593,83,55,52
PROD_1047,computers_accessories,11471,53,61,17
PROD_1048,computers_accessories,10659,97,21,56
PROD_1049,computers_accessories,9059,58,20,68
PROD_1050,computers_accessories,12759,113,47,35
PROD_1051,computers_accessories,3193,85,15,59
PROD_1052,computers_accessories,11125,39,48,59
PROD_1053,computers_accessories,14987,28,55,72
PROD_1054,computers_accessories,1690,95,66,34
PROD_1055,computers_accessories,2592,19,34,13
PROD_1056,computers_accessories,12092,90,40,72
PROD_1057,computers_accessories,6669,23,79,49
PROD_1058,computers_accessories,8486,83,67,12
PROD_1059,computers_accessories,906,58,17,53
PROD_1060,computers_accessories,13206,107,15,61
PROD_1061,computers_accessories,2236,42,76,68
PROD_1062,health_beauty,13169,33,58,64
PROD_1063,health_beauty,11432,36,17,22
PROD_1064,health_beauty,6125,75,32,16
PROD_1065,health_beauty,2222,80,53,65
PROD_1066,health_beauty,2734,95,61,41
PROD_1067,health_beauty,856,30,40,60
PROD_1068,health_beauty,8305,53,32,58
PROD_1069,health_beauty,13011,103,21,69
PROD_1070,health_beauty,14470,119,58,45
PROD_1071,health_beauty,10660,98,66,57
PROD_1072,health_beauty,490,30,24,20
PROD_1073,health_beauty,2299,77,75,38
PROD_1074,health_beauty,677,90,71,45
PROD_1075,health_beauty,11666,110,22,33
PROD_1076,health_beauty,6590,76,65,48
PROD_1077,health_beauty,9662,31,22,51
PROD_1078,health_beauty,1340,106,78,33
PROD_1079,health_beauty,6940,119,12,60
PROD_1080,health_beauty,9410,119,78,77
PROD_1081,health_beauty,8304,23,76,78
PROD_1082,health_beauty,11994,119,25,36
PROD_1083,health_beauty,11090,30,33,33
PROD_1084,health_beauty,387,86,67,50
PROD_1085,health_beauty,2315,20,26,36
PROD_1086,health_beauty,10992,35,21,42
PROD_1087,sports_leisure,9644,120,70,74
PROD_1088,sports_leisure,6068,60,27,18
PROD_1089,sports_leisure,7490,69,58,19
PROD_1090,sports_leisure,9624,25,26,76
PROD_1091,sports_leisure,5186,27,25,73
PROD_1092,sports_leisure,4077,21,79,52
PROD_1093,sports_leisure,669,43,47,42
PROD_1094,sports_leisure,6696,105,55,18
PROD_1095,sports_leisure,14594,35,46,19
PROD_1096,sports_leisure,9055,88,40,76
PROD_1097,sports_leisure,10314,79,49,61
PROD_1098,sports_leisure,10435,22,79,24
PROD_1099,sports_leisure,9848,75,43,13
PROD_1100,sports_leisure,828,58,63,43
PROD_1101,sports_leisure,3585,57,17,27
PROD_1102,sports_leisure,3646,85,52,17
PROD_1103,sports_leisure,4160,78,19,14
PROD_1104,sports_leisure,5966,24,63,20
