order_id,order_item_id,product_id,seller_id,price,freight_value
ORD_50001,1,PROD_1021,SELLER_167,152.77,43.8
ORD_50002,1,PROD_1019,SELLER_156,147.46,40.2
ORD_50003,1,PROD_1022,SELLER_116,149.49,45.0
ORD_50004,1,PROD_1024,SELLER_237,121.99,51.0
ORD_50005,1,PROD_1024,SELLER_167,190.05,40.2
ORD_50006,1,PROD_1007,SELLER_295,125.41,40.2
ORD_50007,1,PROD_1001,SELLER_192,121.75,46.2
ORD_50008,1,PROD_1003,SELLER_236,199.18,39.0
ORD_50009,1,PROD_1007,SELLER_293,194.79,45.0
ORD_50010,1,PROD_1017,SELLER_163,152.11,39.0
ORD_50011,1,PROD_1023,SELLER_158,168.17,39.0
ORD_50012,1,PROD_1009,SELLER_154,171.56,29.4
ORD_50013,1,PROD_1016,SELLER_148,183.94,37.8
ORD_50014,1,PROD_1024,SELLER_267,116.59,35.4
ORD_50015,1,PROD_1018,SELLER_208,151.86,42.6
ORD_50016,1,PROD_1021,SELLER_103,201.09,35.4
ORD_50017,1,PROD_1002,SELLER_100,126.47,33.0
ORD_50018,1,PROD_1024,SELLER_242,200.74,40.2
ORD_50019,1,PROD_1024,SELLER_291,160.22,41.4
ORD_50020,1,PROD_1017,SELLER_147,118.91,33.0
ORD_50021,1,PROD_1020,SELLER_120,115.3,37.8
ORD_50022,1,PROD_1009,SELLER_271,147.13,41.4
ORD_50023,1,PROD_1018,SELLER_167,130.81,34.2
ORD_50024,1,PROD_1006,SELLER_239,150.92,37.8
ORD_50025,1,PROD_1022,SELLER_134,121.01,39.0
ORD_50026,1,PROD_1010,SELLER_283,165.82,52.2
ORD_50027,1,PROD_1002,SELLER_208,120.0,41.4
ORD_50028,1,PROD_1015,SELLER_209,161.07,35.4
ORD_50029,1,PROD_1018,SELLER_132,124.99,46.2
ORD_50030,1,PROD_1004,SELLER_243,143.37,34.2
ORD_50031,1,PROD_1006,SELLER_185,177.6,42.6
ORD_50032,1,PROD_1023,SELLER_109,121.41,33.0
ORD_50033,1,PROD_1001,SELLER_202,170.76,42.6
ORD_50034,1,PROD_1022,SELLER_237,199.46,42.6
ORD_50035,1,PROD_1004,SELLER_188,165.08,40.2
ORD_50036,1,PROD_1002,SELLER_100,175.12,39.0
ORD_50037,1,PROD_1022,SELLER_259,194.07,33.0
ORD_50038,1,PROD_1022,SELLER_203,148.26,39.0
ORD_50039,1,PROD_1024,SELLER_257,192.46,47.4
ORD_50040,1,PROD_1019,SELLER_182,165.99,43.8
ORD_50041,1,PROD_1003,SELLER_269,137.12,30.6
ORD_50042,1,PROD_1025,SELLER_179,132.75,39.0
ORD_50043,1,PROD_1014,SELLER_247,190.97,37.8
ORD_50044,1,PROD_1023,SELLER_292,112.25,45.0
ORD_50045,1,PROD_1004,SELLER_218,152.56,47.4
ORD_50046,1,PROD_1018,SELLER_140,151.61,36.6
ORD_50047,1,PROD_1021,SELLER_212,133.14,39.0
ORD_50048,1,PROD_1005,SELLER_198,125.23,43.8
ORD_50049,1,PROD_1015,SELLER_152,148.92,47.4
ORD_50050,1,PROD_1025,SELLER_222,163.22,40.2
ORD_50051,1,PROD_1020,SELLER_224,192.01,34.2
ORD_50052,1,PROD_1006,SELLER_132,186.89,34.2
ORD_50053,1,PROD_1021,SELLER_218,150.07,46.2
ORD_50054,1,PROD_1025,SELLER_171,190.39,49.8
ORD_50055,1,PROD_1018,SELLER_189,116.41,47.4
ORD_50056,1,PROD_1001,SELLER_161,167.3,43.8
ORD_50057,1,PROD_1012,SELLER_255,126.75,37.8
ORD_50058,1,PROD_1010,SELLER_196,163.23,43.8
ORD_50059,1,PROD_1022,SELLER_130,165.43,51.0
ORD_50060,1,PROD_1021,SELLER_207,142.26,41.4
ORD_50061,1,PROD_1006,SELLER_266,177.35,51.0
ORD_50062,1,PROD_1024,SELLER_182,164.72,46.2
ORD_50063,1,PROD_1001,SELLER_183,155.94,41.4
ORD_50064,1,PROD_1001,SELLER_148,157.94,39.0
ORD_50065,1,PROD_1023,SELLER_104,155.63,41.4
ORD_50066,1,PROD_1018,SELLER_208,159.21,29.4
ORD_50067,1,PROD_1015,SELLER_164,135.97,43.8
ORD_50068,1,PROD_1025,SELLER_149,173.45,49.8
ORD_50069,1,PROD_1012,SELLER_103,127.79,37.8
ORD_50070,1,PROD_1005,SELLER_292,168.78,36.6
ORD_50071,1,PROD_1015,SELLER_113,142.21,46.2
ORD_50072,1,PROD_1021,SELLER_138,173.12,43.8
ORD_50073,1,PROD_1025,SELLER_252,148.96,43.8
ORD_50074,1,PROD_1015,SELLER_250,138.33,47.4
ORD_50075,1,PROD_1025,SELLER_154,130.33,36.6
ORD_50076,1,PROD_1001,SELLER_276,148.27,39.0
ORD_50077,1,PROD_1015,SELLER_159,118.11,39.0
ORD_50078,1,PROD_1021,SELLER_168,125.07,33.0
ORD_50079,1,PROD_1004,SELLER_177,153.65,42.6
ORD_50080,1,PROD_1015,SELLER_110,118.94,41.4
ORD_50081,1,PROD_1022,SELLER_247,186.48,40.2
ORD_50082,1,PROD_1025,SELLER_232,127.41,39.0
ORD_50083,1,PROD_1016,SELLER_220,198.38,36.6
ORD_50084,1,PROD_1016,SELLER_202,137.52,40.2
ORD_50085,1,PROD_1025,SELLER_231,147.88,43.8
ORD_50086,1,PROD_1017,SELLER_293,144.09,42.6
ORD_50087,1,PROD_1010,SELLER_278,150.92,42.6
ORD_50088,1,PROD_1001,SELLER_123,161.12,41.4
ORD_50089,1,PROD_1023,SELLER_280,137.84,29.4
ORD_50090,1,PROD_1015,SELLER_198,161.03,41.4
ORD_50091,1,PROD_1017,SELLER_100,135.64,55.8
ORD_50092,1,PROD_1012,SELLER_295,141.47,40.2
ORD_50093,1,PROD_1013,SELLER_298,132.63,42.6
ORD_50094,1,PROD_1021,SELLER_226,199.44,41.4
ORD_50095,1,PROD_1015,SELLER_136,113.12,34.2
ORD_50096,1,PROD_1020,SELLER_266,173.68,46.2
ORD_50097,1,PROD_1018,SELLER_117,114.96,35.4
ORD_50098,1,PROD_1004,SELLER_280,179.73,49.8
ORD_50099,1,PROD_1002,SELLER_195,137.98,33.0
ORD_50100,1,PROD_1006,SELLER_197,118.81,45.0
ORD_50101,1,PROD_1009,SELLER_219,171.37,54.6
ORD_50102,1,PROD_1014,SELLER_216,173.46,35.4
ORD_50103,1,PROD_1019,SELLER_175,143.84,41.4
ORD_50104,1,PROD_1020,SELLER_173,178.37,37.8
ORD_50105,1,PROD_1009,SELLER_284,172.34,41.4
ORD_50106,1,PROD_1015,SELLER_193,114.73,43.8
ORD_50107,1,PROD_1007,SELLER_238,123.57,35.4
ORD_50108,1,PROD_1010,SELLER_186,178.49,51.0
ORD_50109,1,PROD_1018,SELLER_201,144.45,39.0
ORD_50110,1,PROD_1013,SELLER_195,185.27,46.2
ORD_50111,1,PROD_1020,SELLER_116,131.54,34.2
ORD_50112,1,PROD_1005,SELLER_109,115.8,48.6
ORD_50113,1,PROD_1012,SELLER_290,171.69,31.8
ORD_50114,1,PROD_1014,SELLER_225,170.3,42.6
ORD_50115,1,PROD_1015,SELLER_160,151.51,34.2
ORD_50116,1,PROD_1013,SELLER_131,136.41,45.0
ORD_50117,1,PROD_1019,SELLER_295,130.1,42.6
ORD_50118,1,PROD_1005,SELLER_238,200.03,42.6
ORD_50119,1,PROD_1008,SELLER_104,164.39,43.8
ORD_50120,1,PROD_1015,SELLER_231,181.3,36.6
ORD_50121,1,PROD_1015,SELLER_107,169.26,42.6
ORD_50122,1,PROD_1023,SELLER_118,193.08,36.6
ORD_50123,1,PROD_1011,SELLER_252,145.8,52.2
ORD_50124,1,PROD_1021,SELLER_296,169.94,43.8
ORD_50125,1,PROD_1011,SELLER_202,185.72,45.0
ORD_50126,1,PROD_1005,SELLER_221,173.15,35.4
ORD_50127,1,PROD_1024,SELLER_133,145.06,48.6
ORD_50128,1,PROD_1022,SELLER_208,195.89,36.6
ORD_50129,1,PROD_1017,SELLER_268,130.77,43.8
ORD_50130,1,PROD_1025,SELLER_157,136.65,52.2
ORD_50131,1,PROD_1022,SELLER_168,185.9,36.6
ORD_50132,1,PROD_1005,SELLER_202,162.38,35.4
ORD_50133,1,PROD_1013,SELLER_187,149.28,36.6
ORD_50134,1,PROD_1002,SELLER_293,125.66,41.4
ORD_50135,1,PROD_1020,SELLER_169,151.27,43.8
ORD_50136,1,PROD_1022,SELLER_156,139.32,42.6
ORD_50137,1,PROD_1009,SELLER_130,137.63,46.2
ORD_50138,1,PROD_1008,SELLER_271,156.47,41.4
ORD_50139,1,PROD_1003,SELLER_247,188.82,49.8
ORD_50140,1,PROD_1011,SELLER_258,127.12,40.2
ORD_50141,1,PROD_1014,SELLER_234,164.4,45.0
ORD_50142,1,PROD_1025,SELLER_230,126.78,35.4
ORD_50143,1,PROD_1004,SELLER_150,124.84,43.8
ORD_50144,1,PROD_1025,SELLER_248,162.15,40.2
ORD_50145,1,PROD_1015,SELLER_213,117.85,43.8
ORD_50146,1,PROD_1017,SELLER_218,118.38,36.6
ORD_50147,1,PROD_1020,SELLER_218,157.08,31.8
ORD_50148,1,PROD_1019,SELLER_182,170.02,46.2
ORD_50149,1,PROD_1003,SELLER_144,156.86,42.6
ORD_50150,1,PROD_1012,SELLER_199,193.81,34.2
ORD_50151,1,PROD_1011,SELLER_273,120.2,42.6
ORD_50152,1,PROD_1012,SELLER_267,139.48,43.8
ORD_50153,1,PROD_1011,SELLER_271,184.45,35.4
ORD_50154,1,PROD_1022,SELLER_192,149.6,41.4
ORD_50155,1,PROD_1005,SELLER_175,125.6,34.2
ORD_50156,1,PROD_1022,SELLER_296,141.86,45.0
ORD_50157,1,PROD_1015,SELLER_193,115.66,47.4
ORD_50158,1,PROD_1018,SELLER_300,133.13,47.4
ORD_50159,1,PROD_1017,SELLER_141,149.18,33.0
ORD_50160,1,PROD_1012,SELLER_126,161.33,35.4
ORD_50161,1,PROD_1006,SELLER_231,136.14,43.8
ORD_50162,1,PROD_1002,SELLER_195,147.19,43.8
ORD_50163,1,PROD_1004,SELLER_266,186.77,45.0
ORD_50164,1,PROD_1023,SELLER_257,153.69,48.6
ORD_50165,1,PROD_1004,SELLER_160,181.14,47.4
ORD_50166,1,PROD_1004,SELLER_227,186.55,45.0
ORD_50167,1,PROD_1001,SELLER_161,166.71,39.0
ORD_50168,1,PROD_1017,SELLER_229,160.39,46.2
ORD_50169,1,PROD_1009,SELLER_191,178.56,36.6
ORD_50170,1,PROD_1002,SELLER_186,143.25,40.2
ORD_50171,1,PROD_1006,SELLER_116,184.3,41.4
ORD_50172,1,PROD_1010,SELLER_239,157.83,54.6
ORD_50173,1,PROD_1021,SELLER_131,141.42,30.6
ORD_50174,1,PROD_1013,SELLER_147,142.06,31.8
ORD_50175,1,PROD_1003,SELLER_120,176.75,47.4
ORD_50176,1,PROD_1011,SELLER_183,120.92,35.4
ORD_50177,1,PROD_1015,SELLER_190,115.54,36.6
ORD_50178,1,PROD_1017,SELLER_273,183.37,45.0
ORD_50179,1,PROD_1025,SELLER_192,169.43,36.6
ORD_50180,1,PROD_1015,SELLER_246,179.97,42.6
ORD_50181,1,PROD_1004,SELLER_147,114.07,41.4
ORD_50182,1,PROD_1020,SELLER_225,137.28,37.8
ORD_50183,1,PROD_1022,SELLER_181,198.25,54.6
ORD_50184,1,PROD_1012,SELLER_131,157.23,45.0
ORD_50185,1,PROD_1018,SELLER_122,123.35,29.4
ORD_50186,1,PROD_1014,SELLER_247,180.51,37.8
ORD_50187,1,PROD_1017,SELLER_299,142.55,36.6
ORD_50188,1,PROD_1004,SELLER_177,158.07,40.2
ORD_50189,1,PROD_1003,SELLER_262,134.15,43.8
ORD_50190,1,PROD_1021,SELLER_248,126.83,46.2
ORD_50191,1,PROD_1002,SELLER_297,196.55,34.2
ORD_50192,1,PROD_1021,SELLER_264,160.52,39.0
ORD_50193,1,PROD_1002,SELLER_206,125.88,39.0
ORD_50194,1,PROD_1012,SELLER_133,198.95,37.8
ORD_50195,1,PROD_1015,SELLER_124,133.91,52.2
ORD_50196,1,PROD_1006,SELLER_247,184.47,34.2
ORD_50197,1,PROD_1010,SELLER_123,156.21,46.2
ORD_50198,1,PROD_1002,SELLER_252,136.9,54.6
ORD_50199,1,PROD_1009,SELLER_295,176.79,47.4
ORD_50200,1,PROD_1018,SELLER_198,137.55,31.8
ORD_50201,1,PROD_1004,SELLER_186,146.96,48.6
ORD_50202,1,PROD_1017,SELLER_109,115.35,43.8
ORD_50203,1,PROD_1017,SELLER_256,124.25,46.2
ORD_50204,1,PROD_1017,SELLER_281,159.34,35.4
ORD_50205,1,PROD_1019,SELLER_285,139.26,41.4
ORD_50206,1,PROD_1002,SELLER_143,163.92,22.2
ORD_50207,1,PROD_1022,SELLER_246,133.4,40.2
ORD_50208,1,PROD_1023,SELLER_228,129.98,34.2
ORD_50209,1,PROD_1007,SELLER_269,161.89,33.0
ORD_50210,1,PROD_1012,SELLER_284,172.17,39.0
ORD_50211,1,PROD_1008,SELLER_176,136.69,49.8
ORD_50212,1,PROD_1016,SELLER_284,142.93,48.6
ORD_50213,1,PROD_1002,SELLER_282,137.46,41.4
ORD_50214,1,PROD_1007,SELLER_169,185.77,43.8
ORD_50215,1,PROD_1002,SELLER_235,171.63,42.6
ORD_50216,1,PROD_1022,SELLER_101,180.66,37.8
ORD_50217,1,PROD_1010,SELLER_265,140.46,41.4
ORD_50218,1,PROD_1006,SELLER_145,149.11,39.0
ORD_50219,1,PROD_1002,SELLER_245,112.58,45.0
ORD_50220,1,PROD_1018,SELLER_134,158.62,34.2
ORD_50221,1,PROD_1009,SELLER_103,175.99,54.6
ORD_50222,1,PROD_1020,SELLER_203,188.29,40.2
ORD_50223,1,PROD_1016,SELLER_163,140.68,45.0
ORD_50224,1,PROD_1024,SELLER_166,162.97,42.6
ORD_50225,1,PROD_1006,SELLER_228,147.99,37.8
ORD_50226,1,PROD_1005,SELLER_216,154.5,40.2
ORD_50227,1,PROD_1008,SELLER_252,172.57,37.8
ORD_50228,1,PROD_1018,SELLER_151,192.47,37.8
ORD_50229,1,PROD_1007,SELLER_225,175.84,46.2
ORD_50230,1,PROD_1015,SELLER_243,162.16,43.8
ORD_50231,1,PROD_1001,SELLER_248,178.42,46.2
ORD_50232,1,PROD_1016,SELLER_204,114.59,42.6
ORD_50233,1,PROD_1013,SELLER_274,145.33,45.0
ORD_50234,1,PROD_1017,SELLER_157,123.13,36.6
ORD_50235,1,PROD_1018,SELLER_158,145.66,46.2
ORD_50236,1,PROD_1022,SELLER_296,149.23,45.0
ORD_50237,1,PROD_1022,SELLER_112,174.62,41.4
ORD_50238,1,PROD_1025,SELLER_228,116.8,41.4
ORD_50239,1,PROD_1010,SELLER_269,190.09,37.8
ORD_50240,1,PROD_1022,SELLER_226,149.94,45.0
ORD_50241,1,PROD_1017,SELLER_206,140.24,40.2
ORD_50242,1,PROD_1008,SELLER_281,138.64,47.4
ORD_50243,1,PROD_1013,SELLER_152,133.46,46.2
ORD_50244,1,PROD_1007,SELLER_196,116.36,48.6
ORD_50245,1,PROD_1007,SELLER_185,189.48,41.4
ORD_50246,1,PROD_1008,SELLER_280,173.94,45.0
ORD_50247,1,PROD_1015,SELLER_191,159.46,43.8
ORD_50248,1,PROD_1011,SELLER_194,193.49,40.2
ORD_50249,1,PROD_1018,SELLER_248,195.32,41.4
ORD_50250,1,PROD_1008,SELLER_267,156.39,45.0
ORD_50251,1,PROD_1006,SELLER_190,177.26,36.6
ORD_50252,1,PROD_1002,SELLER_119,186.76,53.4
ORD_50253,1,PROD_1023,SELLER_155,125.25,34.2
ORD_50254,1,PROD_1018,SELLER_103,161.07,48.6
ORD_50255,1,PROD_1006,SELLER_124,121.32,46.2
ORD_50256,1,PROD_1012,SELLER_217,197.51,45.0
ORD_50257,1,PROD_1003,SELLER_266,170.19,41.4
ORD_50258,1,PROD_1001,SELLER_121,174.58,35.4
ORD_50259,1,PROD_1002,SELLER_277,132.29,41.4
ORD_50260,1,PROD_1022,SELLER_180,114.69,37.8
ORD_50261,1,PROD_1008,SELLER_199,162.41,47.4
ORD_50262,1,PROD_1024,SELLER_113,198.85,40.2
ORD_50263,1,PROD_1025,SELLER_262,140.93,36.6
ORD_50264,1,PROD_1022,SELLER_197,164.13,39.0
ORD_50265,1,PROD_1005,SELLER_300,145.72,43.8
ORD_50266,1,PROD_1010,SELLER_294,151.51,37.8
ORD_50267,1,PROD_1004,SELLER_190,114.1,36.6
ORD_50268,1,PROD_1013,SELLER_285,181.41,42.6
ORD_50269,1,PROD_1009,SELLER_226,138.67,42.6
ORD_50270,1,PROD_1003,SELLER_163,144.03,37.8
ORD_50271,1,PROD_1001,SELLER_185,196.57,39.0
ORD_50272,1,PROD_1014,SELLER_266,184.65,33.0
ORD_50273,1,PROD_1013,SELLER_174,198.35,33.0
ORD_50274,1,PROD_1013,SELLER_244,144.38,36.6
ORD_50275,1,PROD_1024,SELLER_281,153.02,42.6
ORD_50276,1,PROD_1021,SELLER_164,138.82,46.2
ORD_50277,1,PROD_1013,SELLER_277,159.52,40.2
ORD_50278,1,PROD_1025,SELLER_270,133.94,41.4
ORD_50279,1,PROD_1025,SELLER_210,141.39,35.4
ORD_50280,1,PROD_1019,SELLER_156,173.23,41.4
ORD_50281,1,PROD_1010,SELLER_121,148.94,39.0
ORD_50282,1,PROD_1016,SELLER_124,142.89,43.8
ORD_50283,1,PROD_1023,SELLER_187,122.04,36.6
ORD_50284,1,PROD_1018,SELLER_243,126.07,43.8
ORD_50285,1,PROD_1022,SELLER_107,150.38,51.0
ORD_50286,1,PROD_1001,SELLER_152,174.75,43.8
ORD_50287,1,PROD_1018,SELLER_183,128.46,39.0
ORD_50288,1,PROD_1013,SELLER_250,166.4,42.6
ORD_50289,1,PROD_1020,SELLER_272,164.51,41.4
ORD_50290,1,PROD_1005,SELLER_207,157.42,41.4
ORD_50291,1,PROD_1021,SELLER_144,194.95,36.6
ORD_50292,1,PROD_1002,SELLER_102,189.13,41.4
ORD_50293,1,PROD_1022,SELLER_281,155.71,43.8
ORD_50294,1,PROD_1008,SELLER_143,159.81,49.8
ORD_50295,1,PROD_1004,SELLER_239,135.7,47.4
ORD_50296,1,PROD_1007,SELLER_126,200.24,36.6
ORD_50297,1,PROD_1012,SELLER_122,188.83,42.6
ORD_50298,1,PROD_1023,SELLER_209,166.31,36.6
ORD_50299,1,PROD_1009,SELLER_143,165.11,36.6
ORD_50300,1,PROD_1025,SELLER_115,181.99,37.8
ORD_50301,1,PROD_1008,SELLER_273,179.83,28.2
ORD_50302,1,PROD_1014,SELLER_119,145.29,36.6
ORD_50303,1,PROD_1016,SELLER_100,141.01,42.6
ORD_50304,1,PROD_1003,SELLER_201,182.88,43.8
ORD_50305,1,PROD_1032,SELLER_138,100.29,41.4
ORD_50306,1,PROD_1029,SELLER_198,98.23,33.0
ORD_50307,1,PROD_1043,SELLER_284,98.84,30.6
ORD_50308,1,PROD_1042,SELLER_148,99.16,28.2
ORD_50309,1,PROD_1033,SELLER_128,93.18,43.8
ORD_50310,1,PROD_1038,SELLER_245,112.72,33.0
ORD_50311,1,PROD_1028,SELLER_155,67.49,25.8
ORD_50312,1,PROD_1042,SELLER_208,107.71,35.4
ORD_50313,1,PROD_1042,SELLER_139,115.93,43.8
ORD_50314,1,PROD_1033,SELLER_122,69.84,27.0
ORD_50315,1,PROD_1031,SELLER_281,73.13,36.6
ORD_50316,1,PROD_1034,SELLER_132,75.67,36.6
ORD_50317,1,PROD_1042,SELLER_282,70.16,33.0
ORD_50318,1,PROD_1044,SELLER_140,75.66,40.2
ORD_50319,1,PROD_1027,SELLER_103,112.6,35.4
ORD_50320,1,PROD_1039,SELLER_163,78.74,36.6
ORD_50321,1,PROD_1027,SELLER_232,76.33,39.0
ORD_50322,1,PROD_1043,SELLER_194,91.14,40.2
ORD_50323,1,PROD_1041,SELLER_298,120.03,29.4
ORD_50324,1,PROD_1039,SELLER_238,68.03,43.8
ORD_50325,1,PROD_1038,SELLER_286,112.09,31.8
ORD_50326,1,PROD_1041,SELLER_136,118.08,36.6
ORD_50327,1,PROD_1028,SELLER_229,97.76,43.8
ORD_50328,1,PROD_1030,SELLER_166,79.39,48.6
ORD_50329,1,PROD_1028,SELLER_134,117.14,46.2
ORD_50330,1,PROD_1029,SELLER_297,95.37,34.2
ORD_50331,1,PROD_1035,SELLER_278,110.88,42.6
ORD_50332,1,PROD_1037,SELLER_112,87.91,40.2
ORD_50333,1,PROD_1043,SELLER_218,80.09,45.0
ORD_50334,1,PROD_1038,SELLER_261,86.63,30.6
ORD_50335,1,PROD_1032,SELLER_213,114.94,42.6
ORD_50336,1,PROD_1040,SELLER_246,69.45,29.4
ORD_50337,1,PROD_1039,SELLER_154,75.98,34.2
ORD_50338,1,PROD_1035,SELLER_240,93.39,40.2
ORD_50339,1,PROD_1042,SELLER_239,80.05,45.0
ORD_50340,1,PROD_1041,SELLER_244,85.12,46.2
ORD_50341,1,PROD_1034,SELLER_220,69.88,28.2
ORD_50342,1,PROD_1033,SELLER_288,80.98,35.4
ORD_50343,1,PROD_1044,SELLER_288,83.73,39.0
ORD_50344,1,PROD_1044,SELLER_244,96.85,23.4
ORD_50345,1,PROD_1041,SELLER_114,68.78,28.2
ORD_50346,1,PROD_1026,SELLER_257,84.46,39.0
ORD_50347,1,PROD_1044,SELLER_136,104.38,30.6
ORD_50348,1,PROD_1038,SELLER_186,98.04,29.4
ORD_50349,1,PROD_1039,SELLER_224,109.03,41.4
ORD_50350,1,PROD_1035,SELLER_175,105.95,30.6
ORD_50351,1,PROD_1044,SELLER_254,68.48,33.0
ORD_50352,1,PROD_1028,SELLER_181,79.46,31.8
ORD_50353,1,PROD_1026,SELLER_163,80.91,30.6
ORD_50354,1,PROD_1026,SELLER_212,69.32,29.4
ORD_50355,1,PROD_1038,SELLER_196,85.51,36.6
ORD_50356,1,PROD_1027,SELLER_181,82.5,37.8
ORD_50357,1,PROD_1028,SELLER_257,84.8,35.4
ORD_50358,1,PROD_1036,SELLER_148,77.73,35.4
ORD_50359,1,PROD_1027,SELLER_240,87.73,40.2
ORD_50360,1,PROD_1045,SELLER_124,92.4,40.2
ORD_50361,1,PROD_1038,SELLER_269,91.9,33.0
ORD_50362,1,PROD_1031,SELLER_167,90.55,33.0
ORD_50363,1,PROD_1037,SELLER_205,109.91,34.2
ORD_50364,1,PROD_1033,SELLER_120,92.18,22.2
ORD_50365,1,PROD_1044,SELLER_258,102.93,45.0
ORD_50366,1,PROD_1032,SELLER_132,109.92,34.2
ORD_50367,1,PROD_1045,SELLER_286,80.52,40.2
ORD_50368,1,PROD_1026,SELLER_259,108.75,37.8
ORD_50369,1,PROD_1044,SELLER_294,98.15,42.6
ORD_50370,1,PROD_1039,SELLER_267,80.85,35.4
ORD_50371,1,PROD_1045,SELLER_277,99.25,30.6
ORD_50372,1,PROD_1041,SELLER_195,115.92,37.8
ORD_50373,1,PROD_1041,SELLER_275,112.58,28.2
ORD_50374,1,PROD_1036,SELLER_206,81.14,29.4
ORD_50375,1,PROD_1039,SELLER_294,106.32,41.4
ORD_50376,1,PROD_1035,SELLER_203,104.64,45.0
ORD_50377,1,PROD_1032,SELLER_163,111.44,30.6
ORD_50378,1,PROD_1037,SELLER_229,110.73,39.0
ORD_50379,1,PROD_1045,SELLER_221,90.57,35.4
ORD_50380,1,PROD_1026,SELLER_141,87.39,30.6
ORD_50381,1,PROD_1032,SELLER_204,81.12,41.4
ORD_50382,1,PROD_1031,SELLER_102,98.85,28.2
ORD_50383,1,PROD_1038,SELLER_217,112.22,31.8
ORD_50384,1,PROD_1042,SELLER_201,110.77,33.0
ORD_50385,1,PROD_1028,SELLER_170,84.71,30.6
ORD_50386,1,PROD_1035,SELLER_232,76.81,31.8
ORD_50387,1,PROD_1036,SELLER_284,103.1,35.4
ORD_50388,1,PROD_1027,SELLER_246,97.88,35.4
ORD_50389,1,PROD_1035,SELLER_268,111.9,30.6
ORD_50390,1,PROD_1034,SELLER_243,105.47,40.2
ORD_50391,1,PROD_1035,SELLER_184,89.2,30.6
ORD_50392,1,PROD_1029,SELLER_262,91.88,40.2
ORD_50393,1,PROD_1029,SELLER_197,113.07,39.0
ORD_50394,1,PROD_1044,SELLER_217,114.43,31.8
ORD_50395,1,PROD_1031,SELLER_114,83.49,31.8
ORD_50396,1,PROD_1031,SELLER_295,92.89,27.0
ORD_50397,1,PROD_1039,SELLER_222,88.29,37.8
ORD_50398,1,PROD_1042,SELLER_273,76.93,30.6
ORD_50399,1,PROD_1030,SELLER_228,72.23,25.8
ORD_50400,1,PROD_1027,SELLER_174,82.67,29.4
ORD_50401,1,PROD_1041,SELLER_148,85.93,36.6
ORD_50402,1,PROD_1042,SELLER_193,75.77,30.6
ORD_50403,1,PROD_1034,SELLER_259,107.93,42.6
ORD_50404,1,PROD_1029,SELLER_197,89.01,41.4
ORD_50405,1,PROD_1039,SELLER_269,102.08,29.4
ORD_50406,1,PROD_1045,SELLER_129,73.04,45.0
ORD_50407,1,PROD_1039,SELLER_110,82.52,21.0
ORD_50408,1,PROD_1033,SELLER_271,66.9,40.2
ORD_50409,1,PROD_1028,SELLER_119,108.38,39.0
ORD_50410,1,PROD_1040,SELLER_144,69.42,33.0
ORD_50411,1,PROD_1027,SELLER_135,67.27,36.6
ORD_50412,1,PROD_1028,SELLER_187,86.65,35.4
ORD_50413,1,PROD_1039,SELLER_142,101.4,43.8
ORD_50414,1,PROD_1044,SELLER_245,92.52,37.8
ORD_50415,1,PROD_1030,SELLER_224,92.55,37.8
ORD_50416,1,PROD_1042,SELLER_247,107.74,34.2
ORD_50417,1,PROD_1037,SELLER_264,102.19,33.0
ORD_50418,1,PROD_1031,SELLER_220,93.75,39.0
ORD_50419,1,PROD_1034,SELLER_157,69.44,34.2
ORD_50420,1,PROD_1044,SELLER_227,90.68,37.8
ORD_50421,1,PROD_1027,SELLER_100,96.5,48.6
ORD_50422,1,PROD_1040,SELLER_193,117.5,34.2
ORD_50423,1,PROD_1037,SELLER_129,104.98,34.2
ORD_50424,1,PROD_1042,SELLER_127,86.72,24.6
ORD_50425,1,PROD_1034,SELLER_148,99.37,24.6
ORD_50426,1,PROD_1032,SELLER_127,105.03,36.6
ORD_50427,1,PROD_1044,SELLER_134,117.81,37.8
ORD_50428,1,PROD_1042,SELLER_145,108.46,35.4
ORD_50429,1,PROD_1038,SELLER_255,89.11,41.4
ORD_50430,1,PROD_1039,SELLER_291,98.92,23.4
ORD_50431,1,PROD_1036,SELLER_241,104.76,41.4
ORD_50432,1,PROD_1031,SELLER_277,93.66,27.0
ORD_50433,1,PROD_1044,SELLER_281,117.09,37.8
ORD_50434,1,PROD_1026,SELLER_113,87.09,34.2
ORD_50435,1,PROD_1027,SELLER_175,103.63,40.2
ORD_50436,1,PROD_1043,SELLER_230,87.52,49.8
ORD_50437,1,PROD_1036,SELLER_113,118.33,37.8
ORD_50438,1,PROD_1044,SELLER_254,95.94,37.8
ORD_50439,1,PROD_1028,SELLER_144,76.73,30.6
ORD_50440,1,PROD_1034,SELLER_133,96.47,30.6
ORD_50441,1,PROD_1040,SELLER_139,104.65,33.0
ORD_50442,1,PROD_1044,SELLER_118,96.13,37.8
ORD_50443,1,PROD_1043,SELLER_123,95.43,42.6
ORD_50444,1,PROD_1037,SELLER_292,82.43,34.2
ORD_50445,1,PROD_1033,SELLER_257,115.05,30.6
ORD_50446,1,PROD_1029,SELLER_238,87.36,39.0
ORD_50447,1,PROD_1032,SELLER_121,83.85,40.2
ORD_50448,1,PROD_1032,SELLER_208,112.94,41.4
ORD_50449,1,PROD_1040,SELLER_109,105.03,43.8
ORD_50450,1,PROD_1034,SELLER_215,88.52,39.0
ORD_50451,1,PROD_1026,SELLER_258,101.0,47.4
ORD_50452,1,PROD_1035,SELLER_172,99.14,31.8
ORD_50453,1,PROD_1031,SELLER_134,95.24,25.8
ORD_50454,1,PROD_1037,SELLER_102,117.87,40.2
ORD_50455,1,PROD_1043,SELLER_178,117.32,35.4
ORD_50456,1,PROD_1031,SELLER_257,76.58,37.8
ORD_50457,1,PROD_1028,SELLER_150,80.14,29.4
ORD_50458,1,PROD_1033,SELLER_258,72.09,36.6
ORD_50459,1,PROD_1044,SELLER_245,74.89,36.6
ORD_50460,1,PROD_1033,SELLER_264,104.78,39.0
ORD_50461,1,PROD_1041,SELLER_191,91.47,31.8
ORD_50462,1,PROD_1034,SELLER_135,112.61,47.4
ORD_50463,1,PROD_1026,SELLER_248,110.15,43.8
ORD_50464,1,PROD_1030,SELLER_157,86.28,46.2
ORD_50465,1,PROD_1042,SELLER_193,71.59,30.6
ORD_50466,1,PROD_1045,SELLER_293,103.28,36.6
ORD_50467,1,PROD_1037,SELLER_294,68.91,42.6
ORD_50468,1,PROD_1037,SELLER_216,87.47,25.8
ORD_50469,1,PROD_1034,SELLER_167,111.33,35.4
ORD_50470,1,PROD_1034,SELLER_157,86.85,34.2
ORD_50471,1,PROD_1030,SELLER_158,90.24,30.6
ORD_50472,1,PROD_1031,SELLER_283,86.09,41.4
ORD_50473,1,PROD_1032,SELLER_265,98.3,36.6
ORD_50474,1,PROD_1044,SELLER_142,74.59,28.2
ORD_50475,1,PROD_1035,SELLER_155,117.33,34.2
ORD_50476,1,PROD_1039,SELLER_249,98.83,34.2
ORD_50477,1,PROD_1040,SELLER_117,98.6,27.0
ORD_50478,1,PROD_1026,SELLER_229,77.56,34.2
ORD_50479,1,PROD_1045,SELLER_300,98.78,35.4
ORD_50480,1,PROD_1030,SELLER_238,114.92,40.2
ORD_50481,1,PROD_1033,SELLER_223,116.86,47.4
ORD_50482,1,PROD_1033,SELLER_121,115.35,42.6
ORD_50483,1,PROD_1026,SELLER_101,104.62,29.4
ORD_50484,1,PROD_1032,SELLER_180,103.48,36.6
ORD_50485,1,PROD_1044,SELLER_170,86.28,36.6
ORD_50486,1,PROD_1037,SELLER_223,96.61,37.8
ORD_50487,1,PROD_1033,SELLER_279,90.6,35.4
ORD_50488,1,PROD_1038,SELLER_101,118.26,33.0
ORD_50489,1,PROD_1037,SELLER_109,71.02,33.0
ORD_50490,1,PROD_1045,SELLER_298,69.82,33.0
ORD_50491,1,PROD_1032,SELLER_253,68.54,31.8
ORD_50492,1,PROD_1031,SELLER_192,102.74,34.2
ORD_50493,1,PROD_1038,SELLER_151,88.4,45.0
ORD_50494,1,PROD_1043,SELLER_189,115.61,19.8
ORD_50495,1,PROD_1038,SELLER_166,97.45,43.8
ORD_50496,1,PROD_1042,SELLER_237,117.84,23.4
ORD_50497,1,PROD_1038,SELLER_297,96.82,34.2
ORD_50498,1,PROD_1044,SELLER_223,112.78,31.8
ORD_50499,1,PROD_1033,SELLER_205,109.48,46.2
ORD_50500,1,PROD_1036,SELLER_145,70.81,41.4
ORD_50501,1,PROD_1032,SELLER_161,79.29,43.8
ORD_50502,1,PROD_1028,SELLER_269,102.84,40.2
ORD_50503,1,PROD_1044,SELLER_225,113.14,29.4
ORD_50504,1,PROD_1044,SELLER_234,73.6,39.0
ORD_50505,1,PROD_1031,SELLER_130,91.16,40.2
ORD_50506,1,PROD_1044,SELLER_192,72.13,34.2
ORD_50507,1,PROD_1045,SELLER_147,85.07,34.2
ORD_50508,1,PROD_1031,SELLER_247,97.26,40.2
ORD_50509,1,PROD_1038,SELLER_289,77.22,34.2
ORD_50510,1,PROD_1042,SELLER_180,95.26,29.4
ORD_50511,1,PROD_1029,SELLER_115,103.63,40.2
ORD_50512,1,PROD_1037,SELLER_242,85.99,34.2
ORD_50513,1,PROD_1044,SELLER_237,101.45,37.8
ORD_50514,1,PROD_1035,SELLER_137,91.51,28.2
ORD_50515,1,PROD_1028,SELLER_187,70.97,35.4
ORD_50516,1,PROD_1040,SELLER_192,108.45,33.0
ORD_50517,1,PROD_1026,SELLER_160,73.43,42.6
ORD_50518,1,PROD_1029,SELLER_221,71.85,28.2
ORD_50519,1,PROD_1028,SELLER_258,72.3,40.2
ORD_50520,1,PROD_1035,SELLER_132,90.41,28.2
ORD_50521,1,PROD_1037,SELLER_183,112.69,23.4
ORD_50522,1,PROD_1043,SELLER_252,76.2,37.8
ORD_50523,1,PROD_1033,SELLER_213,109.72,35.4
ORD_50524,1,PROD_1030,SELLER_220,85.11,33.0
ORD_50525,1,PROD_1039,SELLER_252,109.36,39.0
ORD_50526,1,PROD_1033,SELLER_288,75.47,36.6
ORD_50527,1,PROD_1033,SELLER_256,94.34,36.6
ORD_50528,1,PROD_1030,SELLER_263,82.21,36.6
ORD_50529,1,PROD_1027,SELLER_105,118.53,34.2
ORD_50530,1,PROD_1028,SELLER_226,74.8,35.4
ORD_50531,1,PROD_1028,SELLER_137,111.8,37.8
ORD_50532,1,PROD_1032,SELLER_164,114.58,28.2
ORD_50533,1,PROD_1040,SELLER_108,79.95,37.8
ORD_50534,1,PROD_1035,SELLER_140,116.74,35.4
ORD_50535,1,PROD_1037,SELLER_270,114.14,36.6
ORD_50536,1,PROD_1034,SELLER_201,97.97,37.8
ORD_50537,1,PROD_1045,SELLER_297,75.03,31.8
ORD_50538,1,PROD_1045,SELLER_294,84.82,30.6
ORD_50539,1,PROD_1043,SELLER_132,109.01,25.8
ORD_50540,1,PROD_1040,SELLER_105,105.9,39.0
ORD_50541,1,PROD_1040,SELLER_238,96.6,37.8
ORD_50542,1,PROD_1045,SELLER_241,115.58,42.6
ORD_50543,1,PROD_1040,SELLER_263,66.79,46.2
ORD_50544,1,PROD_1028,SELLER_237,101.9,42.6
ORD_50545,1,PROD_1039,SELLER_128,100.97,24.6
ORD_50546,1,PROD_1027,SELLER_224,77.54,33.0
ORD_50547,1,PROD_1037,SELLER_283,78.54,36.6
ORD_50548,1,PROD_1028,SELLER_263,91.74,31.8
ORD_50549,1,PROD_1037,SELLER_114,109.16,31.8
ORD_50550,1,PROD_1035,SELLER_155,70.91,28.2
ORD_50551,1,PROD_1038,SELLER_234,76.87,28.2
ORD_50552,1,PROD_1029,SELLER_247,107.67,42.6
ORD_50553,1,PROD_1038,SELLER_268,93.7,30.6
ORD_50554,1,PROD_1036,SELLER_205,111.87,39.0
ORD_50555,1,PROD_1043,SELLER_296,78.17,30.6
ORD_50556,1,PROD_1038,SELLER_108,66.76,33.0
ORD_50557,1,PROD_1032,SELLER_105,112.45,36.6
ORD_50558,1,PROD_1037,SELLER_167,75.09,35.4
ORD_50559,1,PROD_1032,SELLER_285,105.96,42.6
ORD_50560,1,PROD_1027,SELLER_185,115.98,31.8
ORD_50561,1,PROD_1033,SELLER_254,106.68,47.4
ORD_50562,1,PROD_1027,SELLER_244,83.8,47.4
ORD_50563,1,PROD_1040,SELLER_247,106.95,40.2
ORD_50564,1,PROD_1028,SELLER_290,92.16,33.0
ORD_50565,1,PROD_1030,SELLER_223,107.44,40.2
ORD_50566,1,PROD_1039,SELLER_247,84.02,42.6
ORD_50567,1,PROD_1037,SELLER_106,98.46,40.2
ORD_50568,1,PROD_1027,SELLER_159,116.1,31.8
ORD_50569,1,PROD_1028,SELLER_113,72.75,35.4
ORD_50570,1,PROD_1029,SELLER_220,83.04,37.8
ORD_50571,1,PROD_1034,SELLER_259,96.06,28.2
ORD_50572,1,PROD_1034,SELLER_172,75.85,40.2
ORD_50573,1,PROD_1038,SELLER_269,102.01,39.0
ORD_50574,1,PROD_1038,SELLER_281,93.91,41.4
ORD_50575,1,PROD_1040,SELLER_282,96.69,39.0
ORD_50576,1,PROD_1031,SELLER_275,67.73,35.4
ORD_50577,1,PROD_1038,SELLER_107,114.3,25.8
ORD_50578,1,PROD_1038,SELLER_122,101.83,37.8
ORD_50579,1,PROD_1035,SELLER_184,115.33,37.8
ORD_50580,1,PROD_1042,SELLER_210,115.32,28.2
ORD_50581,1,PROD_1043,SELLER_130,117.41,42.6
ORD_50582,1,PROD_1036,SELLER_205,113.75,40.2
ORD_50583,1,PROD_1031,SELLER_256,68.15,36.6
ORD_50584,1,PROD_1028,SELLER_222,103.5,36.6
ORD_50585,1,PROD_1038,SELLER_135,92.99,33.0
ORD_50586,1,PROD_1032,SELLER_116,107.22,36.6
ORD_50587,1,PROD_1040,SELLER_209,114.15,34.2
ORD_50588,1,PROD_1027,SELLER_215,94.55,34.2
ORD_50589,1,PROD_1038,SELLER_110,119.29,33.0
ORD_50590,1,PROD_1035,SELLER_173,108.06,43.8
ORD_50591,1,PROD_1042,SELLER_299,72.79,30.6
ORD_50592,1,PROD_1039,SELLER_106,84.02,34.2
ORD_50593,1,PROD_1031,SELLER_131,105.11,45.0
ORD_50594,1,PROD_1042,SELLER_140,99.43,37.8
ORD_50595,1,PROD_1030,SELLER_282,76.3,42.6
ORD_50596,1,PROD_1030,SELLER_100,118.04,27.0
ORD_50597,1,PROD_1041,SELLER_101,95.77,41.4
ORD_50598,1,PROD_1045,SELLER_162,98.8,36.6
ORD_50599,1,PROD_1037,SELLER_108,68.71,42.6
ORD_50600,1,PROD_1028,SELLER_206,69.37,45.0
ORD_50601,1,PROD_1027,SELLER_176,71.72,49.8
ORD_50602,1,PROD_1043,SELLER_220,70.22,33.0
ORD_50603,1,PROD_1032,SELLER_256,103.91,45.0
ORD_50604,1,PROD_1045,SELLER_166,112.02,46.2
ORD_50605,1,PROD_1044,SELLER_286,93.26,34.2
ORD_50606,1,PROD_1026,SELLER_219,73.06,34.2
ORD_50607,1,PROD_1037,SELLER_263,96.68,28.2
ORD_50608,1,PROD_1028,SELLER_229,83.19,30.6
ORD_50609,1,PROD_1038,SELLER_257,105.43,36.6
ORD_50610,1,PROD_1030,SELLER_260,92.46,37.8
ORD_50611,1,PROD_1042,SELLER_285,82.73,30.6
ORD_50612,1,PROD_1037,SELLER_138,70.29,35.4
ORD_50613,1,PROD_1045,SELLER_300,72.99,35.4
ORD_50614,1,PROD_1041,SELLER_195,113.58,29.4
ORD_50615,1,PROD_1029,SELLER_109,86.73,37.8
ORD_50616,1,PROD_1036,SELLER_287,116.07,39.0
ORD_50617,1,PROD_1042,SELLER_133,102.89,51.0
ORD_50618,1,PROD_1027,SELLER_252,103.44,33.0
ORD_50619,1,PROD_1044,SELLER_263,107.25,33.0
ORD_50620,1,PROD_1040,SELLER_169,102.59,33.0
ORD_50621,1,PROD_1043,SELLER_136,83.76,33.0
ORD_50622,1,PROD_1040,SELLER_107,69.46,33.0
ORD_50623,1,PROD_1031,SELLER_251,104.38,43.8
ORD_50624,1,PROD_1043,SELLER_293,70.94,45.0
ORD_50625,1,PROD_1040,SELLER_157,91.88,33.0
ORD_50626,1,PROD_1036,SELLER_107,90.96,31.8
ORD_50627,1,PROD_1031,SELLER_189,81.82,33.0
ORD_50628,1,PROD_1043,SELLER_177,101.43,40.2
ORD_50629,1,PROD_1031,SELLER_198,118.76,37.8
ORD_50630,1,PROD_1033,SELLER_271,75.99,27.0
ORD_50631,1,PROD_1043,SELLER_213,71.96,47.4
ORD_50632,1,PROD_1045,SELLER_197,107.94,34.2
ORD_50633,1,PROD_1044,SELLER_262,114.98,37.8
ORD_50634,1,PROD_1032,SELLER_181,103.14,37.8
ORD_50635,1,PROD_1044,SELLER_230,67.18,48.6
ORD_50636,1,PROD_1043,SELLER_100,118.44,31.8
ORD_50637,1,PROD_1026,SELLER_279,79.31,31.8
ORD_50638,1,PROD_1038,SELLER_211,88.43,47.4
ORD_50639,1,PROD_1037,SELLER_139,111.6,33.0
ORD_50640,1,PROD_1041,SELLER_134,101.88,37.8
ORD_50641,1,PROD_1031,SELLER_208,91.01,36.6
ORD_50642,1,PROD_1041,SELLER_160,111.97,43.8
ORD_50643,1,PROD_1037,SELLER_223,72.79,51.0
ORD_50644,1,PROD_1045,SELLER_220,71.47,33.0
ORD_50645,1,PROD_1036,SELLER_102,95.32,33.0
ORD_50646,1,PROD_1035,SELLER_109,82.19,42.6
ORD_50647,1,PROD_1031,SELLER_268,97.34,40.2
ORD_50648,1,PROD_1028,SELLER_171,112.22,47.4
ORD_50649,1,PROD_1031,SELLER_289,115.35,40.2
ORD_50650,1,PROD_1031,SELLER_108,109.44,34.2
ORD_50651,1,PROD_1038,SELLER_212,79.46,42.6
ORD_50652,1,PROD_1029,SELLER_218,69.55,41.4
ORD_50653,1,PROD_1034,SELLER_211,74.5,39.0
ORD_50654,1,PROD_1042,SELLER_110,103.22,43.8
ORD_50655,1,PROD_1029,SELLER_249,80.39,45.0
ORD_50656,1,PROD_1036,SELLER_146,102.94,35.4
ORD_50657,1,PROD_1042,SELLER_214,72.3,36.6
ORD_50658,1,PROD_1028,SELLER_252,69.79,43.8
ORD_50659,1,PROD_1045,SELLER_268,73.69,39.0
ORD_50660,1,PROD_1031,SELLER_219,80.28,36.6
ORD_50661,1,PROD_1031,SELLER_170,108.44,43.8
ORD_50662,1,PROD_1028,SELLER_151,93.01,37.8
ORD_50663,1,PROD_1039,SELLER_264,78.41,36.6
ORD_50664,1,PROD_1034,SELLER_104,108.25,28.2
ORD_50665,1,PROD_1030,SELLER_200,104.13,40.2
ORD_50666,1,PROD_1028,SELLER_100,95.59,49.8
ORD_50667,1,PROD_1053,SELLER_109,365.37,27.0
ORD_50668,1,PROD_1047,SELLER_266,250.77,35.4
ORD_50669,1,PROD_1051,SELLER_116,350.34,25.8
ORD_50670,1,PROD_1052,SELLER_288,281.6,29.4
ORD_50671,1,PROD_1056,SELLER_154,350.52,23.4
ORD_50672,1,PROD_1054,SELLER_206,233.73,31.8
ORD_50673,1,PROD_1053,SELLER_110,365.51,27.0
ORD_50674,1,PROD_1051,SELLER_224,212.63,33.0
ORD_50675,1,PROD_1061,SELLER_152,326.32,17.4
ORD_50676,1,PROD_1053,SELLER_256,367.6,28.2
ORD_50677,1,PROD_1048,SELLER_300,315.37,25.8
ORD_50678,1,PROD_1049,SELLER_124,375.75,36.6
ORD_50679,1,PROD_1060,SELLER_268,339.42,17.4
ORD_50680,1,PROD_1050,SELLER_221,325.12,22.2
ORD_50681,1,PROD_1057,SELLER_211,257.89,30.6
ORD_50682,1,PROD_1047,SELLER_145,365.38,22.2
ORD_50683,1,PROD_1048,SELLER_284,360.37,30.6
ORD_50684,1,PROD_1056,SELLER_128,248.65,25.8
ORD_50685,1,PROD_1052,SELLER_156,273.09,19.8
ORD_50686,1,PROD_1059,SELLER_256,234.35,22.2
ORD_50687,1,PROD_1052,SELLER_169,316.18,27.0
ORD_50688,1,PROD_1050,SELLER_219,228.67,28.2
ORD_50689,1,PROD_1055,SELLER_263,311.41,34.2
ORD_50690,1,PROD_1052,SELLER_218,309.39,25.8
ORD_50691,1,PROD_1056,SELLER_156,282.95,28.2
ORD_50692,1,PROD_1047,SELLER_287,376.53,29.4
ORD_50693,1,PROD_1049,SELLER_161,286.01,29.4
ORD_50694,1,PROD_1052,SELLER_175,232.3,27.0
ORD_50695,1,PROD_1055,SELLER_217,237.18,25.8
ORD_50696,1,PROD_1050,SELLER_203,356.87,22.2
ORD_50697,1,PROD_1048,SELLER_276,274.66,25.8
ORD_50698,1,PROD_1054,SELLER_256,327.27,27.0
ORD_50699,1,PROD_1056,SELLER_114,333.61,30.6
ORD_50700,1,PROD_1058,SELLER_258,271.42,23.4
ORD_50701,1,PROD_1052,SELLER_185,233.25,23.4
ORD_50702,1,PROD_1052,SELLER_294,336.53,17.4
ORD_50703,1,PROD_1059,SELLER_116,256.56,30.6
ORD_50704,1,PROD_1049,SELLER_236,288.99,19.8
ORD_50705,1,PROD_1048,SELLER_217,241.64,25.8
ORD_50706,1,PROD_1048,SELLER_170,228.37,35.4
ORD_50707,1,PROD_1059,SELLER_238,372.89,30.6
ORD_50708,1,PROD_1046,SELLER_116,258.97,25.8
ORD_50709,1,PROD_1056,SELLER_183,320.17,17.4
ORD_50710,1,PROD_1060,SELLER_245,286.95,22.2
ORD_50711,1,PROD_1061,SELLER_173,272.48,24.6
ORD_50712,1,PROD_1051,SELLER_141,313.93,29.4
ORD_50713,1,PROD_1050,SELLER_129,237.09,29.4
ORD_50714,1,PROD_1057,SELLER_243,241.0,31.8
ORD_50715,1,PROD_1057,SELLER_141,285.34,22.2
ORD_50716,1,PROD_1061,SELLER_217,339.11,28.2
ORD_50717,1,PROD_1056,SELLER_175,318.74,29.4
ORD_50718,1,PROD_1060,SELLER_128,266.9,22.2
ORD_50719,1,PROD_1046,SELLER_156,277.47,27.0
ORD_50720,1,PROD_1052,SELLER_156,308.02,22.2
ORD_50721,1,PROD_1060,SELLER_122,323.75,27.0
ORD_50722,1,PROD_1047,SELLER_192,362.62,23.4
ORD_50723,1,PROD_1057,SELLER_188,212.05,28.2
ORD_50724,1,PROD_1060,SELLER_206,334.58,22.2
ORD_50725,1,PROD_1059,SELLER_250,233.45,39.0
ORD_50726,1,PROD_1058,SELLER_204,224.86,36.6
ORD_50727,1,PROD_1051,SELLER_174,349.82,28.2
ORD_50728,1,PROD_1060,SELLER_100,247.72,27.0
ORD_50729,1,PROD_1055,SELLER_225,280.08,19.8
ORD_50730,1,PROD_1054,SELLER_117,292.83,17.4
ORD_50731,1,PROD_1059,SELLER_260,355.88,29.4
ORD_50732,1,PROD_1046,SELLER_141,352.01,35.4
ORD_50733,1,PROD_1047,SELLER_207,255.81,18.6
ORD_50734,1,PROD_1048,SELLER_296,296.33,27.0
ORD_50735,1,PROD_1056,SELLER_275,356.57,35.4
ORD_50736,1,PROD_1050,SELLER_232,212.17,23.4
ORD_50737,1,PROD_1051,SELLER_139,227.21,25.8
ORD_50738,1,PROD_1049,SELLER_119,280.11,30.6
ORD_50739,1,PROD_1057,SELLER_213,233.35,17.4
ORD_50740,1,PROD_1049,SELLER_277,247.36,34.2
ORD_50741,1,PROD_1049,SELLER_298,223.06,22.2
ORD_50742,1,PROD_1047,SELLER_164,288.81,28.2
ORD_50743,1,PROD_1049,SELLER_254,341.44,22.2
ORD_50744,1,PROD_1057,SELLER_137,214.92,25.8
ORD_50745,1,PROD_1053,SELLER_117,294.82,29.4
ORD_50746,1,PROD_1052,SELLER_143,372.0,30.6
ORD_50747,1,PROD_1061,SELLER_250,271.57,33.0
ORD_50748,1,PROD_1052,SELLER_204,296.39,17.4
ORD_50749,1,PROD_1050,SELLER_192,293.3,18.6
ORD_50750,1,PROD_1056,SELLER_198,292.94,33.0
ORD_50751,1,PROD_1059,SELLER_209,258.82,23.4
ORD_50752,1,PROD_1046,SELLER_225,377.79,25.8
ORD_50753,1,PROD_1048,SELLER_201,230.03,25.8
ORD_50754,1,PROD_1051,SELLER_150,220.87,31.8
ORD_50755,1,PROD_1059,SELLER_171,331.83,17.4
ORD_50756,1,PROD_1061,SELLER_203,322.0,35.4
ORD_50757,1,PROD_1061,SELLER_134,248.78,30.6
ORD_50758,1,PROD_1046,SELLER_197,373.31,23.4
ORD_50759,1,PROD_1049,SELLER_269,337.71,37.8
ORD_50760,1,PROD_1054,SELLER_238,301.13,28.2
ORD_50761,1,PROD_1060,SELLER_196,262.85,27.0
ORD_50762,1,PROD_1055,SELLER_142,358.63,24.6
ORD_50763,1,PROD_1049,SELLER_225,305.57,25.8
ORD_50764,1,PROD_1051,SELLER_200,295.12,25.8
ORD_50765,1,PROD_1055,SELLER_107,263.84,25.8
ORD_50766,1,PROD_1046,SELLER_260,338.55,17.4
ORD_50767,1,PROD_1059,SELLER_269,269.01,28.2
ORD_50768,1,PROD_1048,SELLER_116,362.95,17.4
ORD_50769,1,PROD_1056,SELLER_268,216.28,24.6
ORD_50770,1,PROD_1061,SELLER_181,308.78,19.8
ORD_50771,1,PROD_1061,SELLER_272,226.81,19.8
ORD_50772,1,PROD_1055,SELLER_211,271.04,37.8
ORD_50773,1,PROD_1047,SELLER_246,259.95,24.6
ORD_50774,1,PROD_1049,SELLER_169,309.43,30.6
ORD_50775,1,PROD_1057,SELLER_266,343.67,27.0
ORD_50776,1,PROD_1052,SELLER_164,279.6,40.2
ORD_50777,1,PROD_1051,SELLER_154,306.91,25.8
ORD_50778,1,PROD_1059,SELLER_286,367.02,31.8
ORD_50779,1,PROD_1050,SELLER_291,250.38,33.0
ORD_50780,1,PROD_1052,SELLER_168,352.12,18.6
ORD_50781,1,PROD_1053,SELLER_149,229.08,18.6
ORD_50782,1,PROD_1059,SELLER_109,280.9,21.0
ORD_50783,1,PROD_1054,SELLER_145,320.66,28.2
ORD_50784,1,PROD_1048,SELLER_176,262.74,28.2
ORD_50785,1,PROD_1050,SELLER_246,249.65,28.2
ORD_50786,1,PROD_1061,SELLER_160,358.61,31.8
ORD_50787,1,PROD_1053,SELLER_155,367.16,18.6
ORD_50788,1,PROD_1059,SELLER_250,252.72,30.6
ORD_50789,1,PROD_1059,SELLER_163,289.78,34.2
ORD_50790,1,PROD_1047,SELLER_271,326.03,24.6
ORD_50791,1,PROD_1057,SELLER_275,361.73,24.6
ORD_50792,1,PROD_1058,SELLER_165,365.82,19.8
ORD_50793,1,PROD_1051,SELLER_261,363.87,35.4
ORD_50794,1,PROD_1059,SELLER_185,365.65,21.0
ORD_50795,1,PROD_1054,SELLER_190,295.06,17.4
ORD_50796,1,PROD_1056,SELLER_107,286.15,17.4
ORD_50797,1,PROD_1050,SELLER_151,210.52,31.8
ORD_50798,1,PROD_1051,SELLER_282,251.93,39.0
ORD_50799,1,PROD_1061,SELLER_134,356.75,23.4
ORD_50800,1,PROD_1055,SELLER_206,243.38,39.0
ORD_50801,1,PROD_1046,SELLER_265,365.08,17.4
ORD_50802,1,PROD_1054,SELLER_143,327.81,31.8
ORD_50803,1,PROD_1048,SELLER_143,370.95,34.2
ORD_50804,1,PROD_1053,SELLER_148,329.88,29.4
ORD_50805,1,PROD_1059,SELLER_253,353.86,30.6
ORD_50806,1,PROD_1051,SELLER_137,278.63,27.0
ORD_50807,1,PROD_1053,SELLER_275,272.1,25.8
ORD_50808,1,PROD_1050,SELLER_277,356.4,24.6
ORD_50809,1,PROD_1059,SELLER_165,333.67,25.8
ORD_50810,1,PROD_1056,SELLER_220,366.42,18.6
ORD_50811,1,PROD_1054,SELLER_197,294.76,34.2
ORD_50812,1,PROD_1051,SELLER_186,294.63,31.8
ORD_50813,1,PROD_1050,SELLER_180,253.75,19.8
ORD_50814,1,PROD_1059,SELLER_167,257.53,19.8
ORD_50815,1,PROD_1051,SELLER_225,263.01,29.4
ORD_50816,1,PROD_1052,SELLER_158,234.97,27.0
ORD_50817,1,PROD_1060,SELLER_226,283.32,22.2
ORD_50818,1,PROD_1061,SELLER_284,228.9,17.4
ORD_50819,1,PROD_1055,SELLER_143,240.35,25.8
ORD_50820,1,PROD_1046,SELLER_246,298.37,27.0
ORD_50821,1,PROD_1049,SELLER_106,359.08,27.0
ORD_50822,1,PROD_1049,SELLER_139,350.61,27.0
ORD_50823,1,PROD_1054,SELLER_101,309.83,25.8
ORD_50824,1,PROD_1050,SELLER_112,245.51,21.0
ORD_50825,1,PROD_1048,SELLER_254,301.92,17.4
ORD_50826,1,PROD_1058,SELLER_153,224.98,18.6
ORD_50827,1,PROD_1050,SELLER_225,230.26,21.0
ORD_50828,1,PROD_1049,SELLER_231,349.78,24.6
ORD_50829,1,PROD_1059,SELLER_208,225.16,22.2
ORD_50830,1,PROD_1047,SELLER_218,296.24,21.0
ORD_50831,1,PROD_1061,SELLER_265,298.58,18.6
ORD_50832,1,PROD_1061,SELLER_132,260.47,29.4
ORD_50833,1,PROD_1047,SELLER_111,302.57,24.6
ORD_50834,1,PROD_1060,SELLER_245,321.02,25.8
ORD_50835,1,PROD_1046,SELLER_269,229.14,31.8
ORD_50836,1,PROD_1059,SELLER_176,357.29,22.2
ORD_50837,1,PROD_1060,SELLER_167,314.8,25.8
ORD_50838,1,PROD_1054,SELLER_127,356.43,21.0
ORD_50839,1,PROD_1046,SELLER_222,238.85,35.4
ORD_50840,1,PROD_1058,SELLER_122,345.18,22.2
ORD_50841,1,PROD_1046,SELLER_148,326.93,35.4
ORD_50842,1,PROD_1052,SELLER_297,224.46,23.4
ORD_50843,1,PROD_1051,SELLER_289,361.61,22.2
ORD_50844,1,PROD_1060,SELLER_151,308.32,22.2
ORD_50845,1,PROD_1046,SELLER_282,227.25,25.8
ORD_50846,1,PROD_1061,SELLER_231,277.15,27.0
ORD_50847,1,PROD_1047,SELLER_208,298.76,28.2
ORD_50848,1,PROD_1059,SELLER_129,359.38,17.4
ORD_50849,1,PROD_1059,SELLER_173,213.5,33.0
ORD_50850,1,PROD_1056,SELLER_283,364.85,18.6
ORD_50851,1,PROD_1059,SELLER_272,349.96,28.2
ORD_50852,1,PROD_1051,SELLER_172,314.47,25.8
ORD_50853,1,PROD_1051,SELLER_255,243.51,25.8
ORD_50854,1,PROD_1052,SELLER_104,303.55,19.8
ORD_50855,1,PROD_1047,SELLER_186,345.55,17.4
ORD_50856,1,PROD_1053,SELLER_187,291.71,19.8
ORD_50857,1,PROD_1050,SELLER_231,353.37,33.0
ORD_50858,1,PROD_1049,SELLER_256,341.32,31.8
ORD_50859,1,PROD_1049,SELLER_192,356.31,19.8
ORD_50860,1,PROD_1061,SELLER_125,333.07,33.0
ORD_50861,1,PROD_1059,SELLER_101,339.23,27.0
ORD_50862,1,PROD_1048,SELLER_283,254.69,28.2
ORD_50863,1,PROD_1059,SELLER_135,342.25,23.4
ORD_50864,1,PROD_1057,SELLER_213,368.55,24.6
ORD_50865,1,PROD_1056,SELLER_297,262.89,31.8
ORD_50866,1,PROD_1047,SELLER_264,320.91,17.4
ORD_50867,1,PROD_1055,SELLER_274,280.44,29.4
ORD_50868,1,PROD_1057,SELLER_171,211.33,17.4
ORD_50869,1,PROD_1052,SELLER_259,359.11,40.2
ORD_50870,1,PROD_1055,SELLER_237,224.16,25.8
ORD_50871,1,PROD_1055,SELLER_230,245.91,25.8
ORD_50872,1,PROD_1046,SELLER_238,359.57,31.8
ORD_50873,1,PROD_1049,SELLER_195,332.97,27.0
ORD_50874,1,PROD_1049,SELLER_246,285.39,22.2
ORD_50875,1,PROD_1053,SELLER_172,268.86,24.6
ORD_50876,1,PROD_1058,SELLER_163,297.3,29.4
ORD_50877,1,PROD_1057,SELLER_137,286.32,25.8
ORD_50878,1,PROD_1059,SELLER_221,359.27,31.8
ORD_50879,1,PROD_1058,SELLER_249,356.5,25.8
ORD_50880,1,PROD_1059,SELLER_136,348.4,34.2
ORD_50881,1,PROD_1049,SELLER_216,326.67,29.4
ORD_50882,1,PROD_1049,SELLER_204,311.07,17.4
ORD_50883,1,PROD_1050,SELLER_178,229.78,23.4
ORD_50884,1,PROD_1050,SELLER_250,233.88,24.6
ORD_50885,1,PROD_1061,SELLER_240,210.35,29.4
ORD_50886,1,PROD_1055,SELLER_186,305.05,28.2
ORD_50887,1,PROD_1050,SELLER_217,294.8,17.4
ORD_50888,1,PROD_1056,SELLER_259,225.0,24.6
ORD_50889,1,PROD_1058,SELLER_111,266.95,29.4
ORD_50890,1,PROD_1051,SELLER_246,328.81,33.0
ORD_50891,1,PROD_1047,SELLER_233,370.83,24.6
ORD_50892,1,PROD_1051,SELLER_170,371.68,27.0
ORD_50893,1,PROD_1056,SELLER_111,277.5,22.2
ORD_50894,1,PROD_1046,SELLER_181,354.42,23.4
ORD_50895,1,PROD_1051,SELLER_146,257.94,27.0
ORD_50896,1,PROD_1051,SELLER_183,219.9,28.2
ORD_50897,1,PROD_1049,SELLER_205,263.77,31.8
ORD_50898,1,PROD_1052,SELLER_252,250.26,17.4
ORD_50899,1,PROD_1049,SELLER_181,255.24,17.4
ORD_50900,1,PROD_1059,SELLER_104,316.43,18.6
ORD_50901,1,PROD_1050,SELLER_204,261.17,29.4
ORD_50902,1,PROD_1050,SELLER_143,272.72,22.2
ORD_50903,1,PROD_1046,SELLER_258,346.52,22.2
ORD_50904,1,PROD_1061,SELLER_164,255.91,17.4
ORD_50905,1,PROD_1055,SELLER_289,217.64,25.8
ORD_50906,1,PROD_1049,SELLER_285,349.52,27.0
ORD_50907,1,PROD_1056,SELLER_187,358.5,33.0
ORD_50908,1,PROD_1056,SELLER_217,267.39,25.8
ORD_50909,1,PROD_1046,SELLER_101,312.28,23.4
ORD_50910,1,PROD_1061,SELLER_237,338.09,24.6
ORD_50911,1,PROD_1060,SELLER_190,322.94,17.4
ORD_50912,1,PROD_1046,SELLER_194,230.96,34.2
ORD_50913,1,PROD_1048,SELLER_260,347.14,24.6
ORD_50914,1,PROD_1057,SELLER_226,216.18,31.8
ORD_50915,1,PROD_1058,SELLER_171,228.64,36.6
ORD_50916,1,PROD_1050,SELLER_132,335.32,29.4
ORD_50917,1,PROD_1046,SELLER_277,376.65,39.0
ORD_50918,1,PROD_1056,SELLER_204,282.67,22.2
ORD_50919,1,PROD_1057,SELLER_111,296.9,27.0
ORD_50920,1,PROD_1060,SELLER_200,263.13,35.4
ORD_50921,1,PROD_1048,SELLER_150,364.06,25.8
ORD_50922,1,PROD_1049,SELLER_210,214.68,28.2
ORD_50923,1,PROD_1054,SELLER_221,251.52,37.8
ORD_50924,1,PROD_1048,SELLER_258,340.33,23.4
ORD_50925,1,PROD_1047,SELLER_196,364.01,17.4
ORD_50926,1,PROD_1060,SELLER_256,219.2,33.0
ORD_50927,1,PROD_1058,SELLER_258,277.48,22.2
ORD_50928,1,PROD_1058,SELLER_209,287.99,29.4
ORD_50929,1,PROD_1056,SELLER_127,308.75,30.6
ORD_50930,1,PROD_1052,SELLER_132,361.93,21.0
ORD_50931,1,PROD_1061,SELLER_213,331.74,35.4
ORD_50932,1,PROD_1059,SELLER_266,296.21,23.4
ORD_50933,1,PROD_1061,SELLER_187,261.86,34.2
ORD_50934,1,PROD_1053,SELLER_243,295.19,28.2
ORD_50935,1,PROD_1052,SELLER_187,341.92,22.2
ORD_50936,1,PROD_1056,SELLER_244,353.14,25.8
ORD_50937,1,PROD_1049,SELLER_110,286.32,35.4
ORD_50938,1,PROD_1052,SELLER_288,250.16,29.4
ORD_50939,1,PROD_1046,SELLER_118,270.95,23.4
ORD_50940,1,PROD_1055,SELLER_261,283.99,19.8
ORD_50941,1,PROD_1055,SELLER_167,239.26,37.8
ORD_50942,1,PROD_1054,SELLER_105,362.99,18.6
ORD_50943,1,PROD_1052,SELLER_161,261.25,24.6
ORD_50944,1,PROD_1059,SELLER_116,357.57,30.6
ORD_50945,1,PROD_1058,SELLER_181,326.65,22.2
ORD_50946,1,PROD_1052,SELLER_175,353.55,27.0
ORD_50947,1,PROD_1050,SELLER_249,353.05,35.4
ORD_50948,1,PROD_1058,SELLER_265,336.22,28.2
ORD_50949,1,PROD_1056,SELLER_234,329.7,29.4
ORD_50950,1,PROD_1058,SELLER_249,317.2,27.0
ORD_50951,1,PROD_1052,SELLER_160,285.95,28.2
ORD_50952,1,PROD_1058,SELLER_195,305.99,22.2
ORD_50953,1,PROD_1060,SELLER_158,297.16,33.0
ORD_50954,1,PROD_1059,SELLER_227,271.74,25.8
ORD_50955,1,PROD_1053,SELLER_119,254.62,36.6
ORD_50956,1,PROD_1048,SELLER_239,270.52,27.0
ORD_50957,1,PROD_1055,SELLER_296,335.2,29.4
ORD_50958,1,PROD_1054,SELLER_176,211.43,30.6
ORD_50959,1,PROD_1050,SELLER_158,355.4,33.0
ORD_50960,1,PROD_1060,SELLER_121,267.23,29.4
ORD_50961,1,PROD_1060,SELLER_242,285.6,18.6
ORD_50962,1,PROD_1046,SELLER_268,293.97,21.0
ORD_50963,1,PROD_1058,SELLER_276,338.16,29.4
ORD_50964,1,PROD_1047,SELLER_139,364.92,28.2
ORD_50965,1,PROD_1052,SELLER_116,369.38,28.2
ORD_50966,1,PROD_1060,SELLER_177,317.35,22.2
ORD_50967,1,PROD_1061,SELLER_150,214.51,25.8
ORD_50968,1,PROD_1055,SELLER_117,320.81,29.4
ORD_50969,1,PROD_1056,SELLER_205,354.43,28.2
ORD_50970,1,PROD_1059,SELLER_117,290.35,23.4
ORD_50971,1,PROD_1061,SELLER_247,236.68,23.4
ORD_50972,1,PROD_1052,SELLER_136,211.25,23.4
ORD_50973,1,PROD_1056,SELLER_225,362.93,31.8
ORD_50974,1,PROD_1048,SELLER_216,258.37,17.4
ORD_50975,1,PROD_1051,SELLER_145,279.73,33.0
ORD_50976,1,PROD_1047,SELLER_140,250.27,22.2
ORD_50977,1,PROD_1052,SELLER_205,362.67,22.2
ORD_50978,1,PROD_1056,SELLER_142,278.9,35.4
ORD_50979,1,PROD_1056,SELLER_149,335.32,37.8
ORD_50980,1,PROD_1060,SELLER_117,291.44,37.8
ORD_50981,1,PROD_1051,SELLER_104,238.66,33.0
ORD_50982,1,PROD_1048,SELLER_102,322.79,31.8
ORD_50983,1,PROD_1052,SELLER_272,330.02,30.6
ORD_50984,1,PROD_1049,SELLER_178,275.62,21.0
ORD_50985,1,PROD_1058,SELLER_163,338.88,24.6
ORD_50986,1,PROD_1046,SELLER_186,376.2,29.4
ORD_50987,1,PROD_1049,SELLER_270,343.88,25.8
ORD_50988,1,PROD_1049,SELLER_182,347.02,18.6
ORD_50989,1,PROD_1058,SELLER_130,367.74,21.0
ORD_50990,1,PROD_1046,SELLER_180,277.56,25.8
ORD_50991,1,PROD_1054,SELLER_194,319.19,35.4
ORD_50992,1,PROD_1051,SELLER_124,252.33,19.8
ORD_50993,1,PROD_1050,SELLER_262,265.78,33.0
ORD_50994,1,PROD_1046,SELLER_249,312.23,24.6
ORD_50995,1,PROD_1046,SELLER_257,249.08,23.4
ORD_50996,1,PROD_1053,SELLER_115,314.12,36.6
ORD_50997,1,PROD_1047,SELLER_285,249.99,35.4
ORD_50998,1,PROD_1047,SELLER_206,297.51,23.4
ORD_50999,1,PROD_1056,SELLER_152,267.58,27.0
ORD_51000,1,PROD_1058,SELLER_146,297.61,28.2
ORD_51001,1,PROD_1052,SELLER_136,218.75,23.4
ORD_51002,1,PROD_1052,SELLER_120,249.7,29.4
ORD_51003,1,PROD_1052,SELLER_145,251.15,18.6
ORD_51004,1,PROD_1052,SELLER_300,255.67,25.8
ORD_51005,1,PROD_1061,SELLER_229,284.15,35.4
ORD_51006,1,PROD_1048,SELLER_176,337.49,23.4
ORD_51007,1,PROD_1058,SELLER_216,287.89,28.2
ORD_51008,1,PROD_1056,SELLER_220,232.96,28.2
ORD_51009,1,PROD_1057,SELLER_206,292.56,33.0
ORD_51010,1,PROD_1047,SELLER_131,376.74,24.6
ORD_51011,1,PROD_1054,SELLER_292,339.57,21.0
ORD_51012,1,PROD_1057,SELLER_266,327.0,24.6
ORD_51013,1,PROD_1047,SELLER_192,364.81,31.8
ORD_51014,1,PROD_1050,SELLER_216,253.9,34.2
ORD_51015,1,PROD_1058,SELLER_250,276.81,24.6
ORD_51016,1,PROD_1059,SELLER_177,252.48,21.0
ORD_51017,1,PROD_1059,SELLER_286,336.41,30.6
ORD_51018,1,PROD_1050,SELLER_153,255.2,24.6
ORD_51019,1,PROD_1061,SELLER_117,210.27,29.4
ORD_51020,1,PROD_1059,SELLER_195,238.67,22.2
ORD_51021,1,PROD_1049,SELLER_154,285.71,18.6
ORD_51022,1,PROD_1052,SELLER_204,253.57,17.4
ORD_51023,1,PROD_1055,SELLER_131,224.4,25.8
ORD_51024,1,PROD_1061,SELLER_125,323.03,33.0
ORD_51025,1,PROD_1052,SELLER_101,297.75,21.0
ORD_51026,1,PROD_1061,SELLER_186,289.5,27.0
ORD_51027,1,PROD_1053,SELLER_270,368.09,19.8
ORD_51028,1,PROD_1056,SELLER_100,345.45,28.2
ORD_51029,1,PROD_1049,SELLER_171,355.99,27.0
ORD_51030,1,PROD_1059,SELLER_100,320.92,21.0
ORD_51031,1,PROD_1047,SELLER_288,372.89,19.8
ORD_51032,1,PROD_1048,SELLER_221,268.52,28.2
ORD_51033,1,PROD_1052,SELLER_233,329.61,17.4
ORD_51034,1,PROD_1061,SELLER_177,343.87,29.4
ORD_51035,1,PROD_1049,SELLER_238,291.0,25.8
ORD_51036,1,PROD_1048,SELLER_283,227.72,24.6
ORD_51037,1,PROD_1054,SELLER_271,321.88,22.2
ORD_51038,1,PROD_1061,SELLER_277,225.19,23.4
ORD_51039,1,PROD_1056,SELLER_283,273.34,27.0
ORD_51040,1,PROD_1053,SELLER_129,247.56,28.2
ORD_51041,1,PROD_1052,SELLER_129,335.1,24.6
ORD_51042,1,PROD_1046,SELLER_251,262.21,30.6
ORD_51043,1,PROD_1057,SELLER_132,343.98,24.6
ORD_51044,1,PROD_1058,SELLER_217,211.54,27.0
ORD_51045,1,PROD_1060,SELLER_172,234.77,23.4
ORD_51046,1,PROD_1056,SELLER_276,261.89,27.0
ORD_51047,1,PROD_1052,SELLER_280,293.16,31.8
ORD_51048,1,PROD_1052,SELLER_157,352.48,36.6
ORD_51049,1,PROD_1051,SELLER_240,376.5,31.8
ORD_51050,1,PROD_1058,SELLER_235,275.7,33.0
ORD_51051,1,PROD_1050,SELLER_248,264.33,25.8
ORD_51052,1,PROD_1050,SELLER_223,284.24,28.2
ORD_51053,1,PROD_1052,SELLER_102,333.53,22.2
ORD_51054,1,PROD_1078,SELLER_239,69.69,22.2
ORD_51055,1,PROD_1063,SELLER_232,98.83,18.6
ORD_51056,1,PROD_1077,SELLER_233,87.53,36.6
ORD_51057,1,PROD_1063,SELLER_176,64.71,17.4
ORD_51058,1,PROD_1073,SELLER_286,68.73,33.0
ORD_51059,1,PROD_1076,SELLER_165,60.0,23.4
ORD_51060,1,PROD_1064,SELLER_168,84.58,17.4
ORD_51061,1,PROD_1083,SELLER_230,85.4,23.4
ORD_51062,1,PROD_1075,SELLER_254,73.3,31.8
ORD_51063,1,PROD_1083,SELLER_116,80.93,28.2
ORD_51064,1,PROD_1070,SELLER_157,62.83,25.8
ORD_51065,1,PROD_1065,SELLER_131,91.47,25.8
ORD_51066,1,PROD_1078,SELLER_246,71.95,25.8
ORD_51067,1,PROD_1063,SELLER_292,63.93,18.6
ORD_51068,1,PROD_1081,SELLER_203,95.94,31.8
ORD_51069,1,PROD_1078,SELLER_268,88.35,17.4
ORD_51070,1,PROD_1085,SELLER_194,85.01,31.8
ORD_51071,1,PROD_1076,SELLER_190,64.49,18.6
ORD_51072,1,PROD_1084,SELLER_158,95.91,29.4
ORD_51073,1,PROD_1072,SELLER_262,94.29,23.4
ORD_51074,1,PROD_1080,SELLER_290,58.83,22.2
ORD_51075,1,PROD_1075,SELLER_287,86.72,34.2
ORD_51076,1,PROD_1085,SELLER_208,56.58,22.2
ORD_51077,1,PROD_1083,SELLER_235,99.04,33.0
ORD_51078,1,PROD_1069,SELLER_193,64.12,30.6
ORD_51079,1,PROD_1074,SELLER_128,63.92,27.0
ORD_51080,1,PROD_1071,SELLER_167,77.99,18.6
ORD_51081,1,PROD_1071,SELLER_264,98.06,17.4
ORD_51082,1,PROD_1073,SELLER_217,56.52,21.0
ORD_51083,1,PROD_1085,SELLER_190,64.63,25.8
ORD_51084,1,PROD_1078,SELLER_139,79.39,28.2
ORD_51085,1,PROD_1083,SELLER_220,67.51,29.4
ORD_51086,1,PROD_1067,SELLER_168,80.39,24.6
ORD_51087,1,PROD_1073,SELLER_101,89.87,18.6
ORD_51088,1,PROD_1063,SELLER_207,62.27,27.0
ORD_51089,1,PROD_1077,SELLER_168,99.44,25.8
ORD_51090,1,PROD_1083,SELLER_183,88.39,28.2
ORD_51091,1,PROD_1065,SELLER_105,99.35,27.0
ORD_51092,1,PROD_1083,SELLER_273,66.89,28.2
ORD_51093,1,PROD_1077,SELLER_224,69.28,23.4
ORD_51094,1,PROD_1078,SELLER_171,64.66,30.6
ORD_51095,1,PROD_1077,SELLER_126,88.04,17.4
ORD_51096,1,PROD_1080,SELLER_138,84.55,21.0
ORD_51097,1,PROD_1068,SELLER_209,98.06,25.8
ORD_51098,1,PROD_1075,SELLER_279,79.87,28.2
ORD_51099,1,PROD_1063,SELLER_264,79.19,27.0
ORD_51100,1,PROD_1073,SELLER_163,88.27,28.2
ORD_51101,1,PROD_1083,SELLER_154,89.76,18.6
ORD_51102,1,PROD_1067,SELLER_225,67.6,21.0
ORD_51103,1,PROD_1062,SELLER_297,86.98,27.0
ORD_51104,1,PROD_1086,SELLER_254,82.75,23.4
ORD_51105,1,PROD_1074,SELLER_127,60.18,24.6
ORD_51106,1,PROD_1080,SELLER_267,99.82,29.4
ORD_51107,1,PROD_1065,SELLER_239,59.62,17.4
ORD_51108,1,PROD_1068,SELLER_139,80.26,29.4
ORD_51109,1,PROD_1086,SELLER_243,94.65,23.4
ORD_51110,1,PROD_1075,SELLER_207,59.3,24.6
ORD_51111,1,PROD_1066,SELLER_244,69.28,18.6
ORD_51112,1,PROD_1083,SELLER_231,80.21,30.6
ORD_51113,1,PROD_1086,SELLER_255,73.81,25.8
ORD_51114,1,PROD_1068,SELLER_102,82.9,17.4
ORD_51115,1,PROD_1071,SELLER_175,94.61,19.8
ORD_51116,1,PROD_1079,SELLER_110,66.97,27.0
ORD_51117,1,PROD_1063,SELLER_163,85.16,23.4
ORD_51118,1,PROD_1081,SELLER_183,100.0,34.2
ORD_51119,1,PROD_1081,SELLER_114,69.52,34.2
ORD_51120,1,PROD_1070,SELLER_237,99.97,24.6
ORD_51121,1,PROD_1082,SELLER_260,67.83,22.2
ORD_51122,1,PROD_1076,SELLER_168,66.18,37.8
ORD_51123,1,PROD_1085,SELLER_137,75.78,23.4
ORD_51124,1,PROD_1067,SELLER_225,64.75,27.0
ORD_51125,1,PROD_1067,SELLER_200,96.09,34.2
ORD_51126,1,PROD_1082,SELLER_125,99.92,21.0
ORD_51127,1,PROD_1065,SELLER_105,73.25,19.8
ORD_51128,1,PROD_1069,SELLER_168,90.91,21.0
ORD_51129,1,PROD_1065,SELLER_186,80.66,22.2
ORD_51130,1,PROD_1080,SELLER_141,96.41,17.4
ORD_51131,1,PROD_1079,SELLER_260,87.39,17.4
ORD_51132,1,PROD_1071,SELLER_206,60.87,24.6
ORD_51133,1,PROD_1075,SELLER_190,73.59,22.2
ORD_51134,1,PROD_1084,SELLER_128,93.28,25.8
ORD_51135,1,PROD_1071,SELLER_257,72.33,17.4
ORD_51136,1,PROD_1066,SELLER_235,64.26,23.4
ORD_51137,1,PROD_1083,SELLER_259,87.17,25.8
ORD_51138,1,PROD_1073,SELLER_282,98.23,22.2
ORD_51139,1,PROD_1066,SELLER_284,73.83,30.6
ORD_51140,1,PROD_1085,SELLER_123,68.78,35.4
ORD_51141,1,PROD_1077,SELLER_205,87.45,23.4
ORD_51142,1,PROD_1075,SELLER_237,80.97,17.4
ORD_51143,1,PROD_1084,SELLER_247,75.23,17.4
ORD_51144,1,PROD_1073,SELLER_104,56.38,27.0
ORD_51145,1,PROD_1065,SELLER_189,58.93,29.4
ORD_51146,1,PROD_1079,SELLER_207,99.98,24.6
ORD_51147,1,PROD_1084,SELLER_196,87.93,29.4
ORD_51148,1,PROD_1084,SELLER_248,61.02,18.6
ORD_51149,1,PROD_1066,SELLER_119,59.8,19.8
ORD_51150,1,PROD_1085,SELLER_235,62.56,18.6
ORD_51151,1,PROD_1082,SELLER_173,87.54,24.6
ORD_51152,1,PROD_1086,SELLER_141,64.06,19.8
ORD_51153,1,PROD_1084,SELLER_246,93.58,27.0
ORD_51154,1,PROD_1067,SELLER_123,68.48,33.0
ORD_51155,1,PROD_1081,SELLER_200,58.77,24.6
ORD_51156,1,PROD_1084,SELLER_180,77.33,25.8
ORD_51157,1,PROD_1073,SELLER_149,85.35,25.8
ORD_51158,1,PROD_1086,SELLER_107,94.35,27.0
ORD_51159,1,PROD_1064,SELLER_102,65.79,24.6
ORD_51160,1,PROD_1070,SELLER_245,60.08,23.4
ORD_51161,1,PROD_1072,SELLER_179,60.44,17.4
ORD_51162,1,PROD_1072,SELLER_285,90.08,24.6
ORD_51163,1,PROD_1075,SELLER_228,96.59,18.6
ORD_51164,1,PROD_1080,SELLER_109,95.35,18.6
ORD_51165,1,PROD_1082,SELLER_283,60.45,27.0
ORD_51166,1,PROD_1084,SELLER_228,63.5,35.4
ORD_51167,1,PROD_1073,SELLER_210,84.31,17.4
ORD_51168,1,PROD_1081,SELLER_139,83.56,30.6
ORD_51169,1,PROD_1086,SELLER_240,95.42,33.0
ORD_51170,1,PROD_1070,SELLER_190,82.19,22.2
ORD_51171,1,PROD_1077,SELLER_295,100.28,25.8
ORD_51172,1,PROD_1073,SELLER_202,94.91,29.4
ORD_51173,1,PROD_1078,SELLER_180,94.27,17.4
ORD_51174,1,PROD_1070,SELLER_274,95.73,17.4
ORD_51175,1,PROD_1079,SELLER_126,56.61,30.6
ORD_51176,1,PROD_1064,SELLER_218,66.29,22.2
ORD_51177,1,PROD_1082,SELLER_219,80.33,23.4
ORD_51178,1,PROD_1074,SELLER_151,90.82,29.4
ORD_51179,1,PROD_1077,SELLER_289,65.82,33.0
ORD_51180,1,PROD_1068,SELLER_108,70.66,21.0
ORD_51181,1,PROD_1068,SELLER_105,58.68,17.4
ORD_51182,1,PROD_1066,SELLER_203,59.37,30.6
ORD_51183,1,PROD_1068,SELLER_166,86.38,17.4
ORD_51184,1,PROD_1086,SELLER_150,69.61,24.6
ORD_51185,1,PROD_1067,SELLER_211,99.7,19.8
ORD_51186,1,PROD_1081,SELLER_285,65.19,21.0
ORD_51187,1,PROD_1085,SELLER_288,89.68,27.0
ORD_51188,1,PROD_1066,SELLER_181,78.73,22.2
ORD_51189,1,PROD_1062,SELLER_132,100.72,23.4
ORD_51190,1,PROD_1068,SELLER_148,89.81,22.2
ORD_51191,1,PROD_1073,SELLER_148,65.69,28.2
ORD_51192,1,PROD_1071,SELLER_228,96.6,28.2
ORD_51193,1,PROD_1075,SELLER_238,72.08,31.8
ORD_51194,1,PROD_1075,SELLER_241,73.04,23.4
ORD_51195,1,PROD_1083,SELLER_211,87.23,17.4
ORD_51196,1,PROD_1065,SELLER_104,60.28,17.4
ORD_51197,1,PROD_1082,SELLER_248,76.23,34.2
ORD_51198,1,PROD_1074,SELLER_220,61.4,37.8
ORD_51199,1,PROD_1073,SELLER_229,91.45,27.0
ORD_51200,1,PROD_1069,SELLER_206,56.44,21.0
ORD_51201,1,PROD_1078,SELLER_253,93.15,21.0
ORD_51202,1,PROD_1079,SELLER_149,100.06,21.0
ORD_51203,1,PROD_1082,SELLER_286,73.82,28.2
ORD_51204,1,PROD_1075,SELLER_281,66.64,25.8
ORD_51205,1,PROD_1086,SELLER_166,84.48,18.6
ORD_51206,1,PROD_1062,SELLER_260,75.93,22.2
ORD_51207,1,PROD_1064,SELLER_106,81.98,35.4
ORD_51208,1,PROD_1069,SELLER_237,69.61,17.4
ORD_51209,1,PROD_1064,SELLER_260,98.32,21.0
ORD_51210,1,PROD_1081,SELLER_136,61.77,40.2
ORD_51211,1,PROD_1073,SELLER_153,97.32,25.8
ORD_51212,1,PROD_1077,SELLER_119,99.41,30.6
ORD_51213,1,PROD_1076,SELLER_146,92.63,25.8
ORD_51214,1,PROD_1072,SELLER_223,100.97,25.8
ORD_51215,1,PROD_1085,SELLER_131,67.7,28.2
ORD_51216,1,PROD_1078,SELLER_155,90.49,27.0
ORD_51217,1,PROD_1069,SELLER_277,60.0,30.6
ORD_51218,1,PROD_1064,SELLER_241,71.93,17.4
ORD_51219,1,PROD_1078,SELLER_149,98.84,18.6
ORD_51220,1,PROD_1074,SELLER_296,60.88,21.0
ORD_51221,1,PROD_1076,SELLER_291,75.32,17.4
ORD_51222,1,PROD_1068,SELLER_195,81.77,30.6
ORD_51223,1,PROD_1078,SELLER_204,67.64,23.4
ORD_51224,1,PROD_1062,SELLER_182,61.41,27.0
ORD_51225,1,PROD_1083,SELLER_137,72.97,27.0
ORD_51226,1,PROD_1072,SELLER_245,65.87,23.4
ORD_51227,1,PROD_1081,SELLER_155,65.8,23.4
ORD_51228,1,PROD_1082,SELLER_293,75.23,28.2
ORD_51229,1,PROD_1077,SELLER_170,78.69,28.2
ORD_51230,1,PROD_1072,SELLER_160,82.85,24.6
ORD_51231,1,PROD_1076,SELLER_203,69.05,30.6
ORD_51232,1,PROD_1062,SELLER_124,59.38,19.8
ORD_51233,1,PROD_1073,SELLER_242,74.27,18.6
ORD_51234,1,PROD_1071,SELLER_216,87.59,21.0
ORD_51235,1,PROD_1069,SELLER_102,58.4,29.4
ORD_51236,1,PROD_1067,SELLER_285,60.21,28.2
ORD_51237,1,PROD_1063,SELLER_177,61.24,19.8
ORD_51238,1,PROD_1084,SELLER_135,63.92,29.4
ORD_51239,1,PROD_1066,SELLER_205,90.14,31.8
ORD_51240,1,PROD_1069,SELLER_269,82.25,25.8
ORD_51241,1,PROD_1064,SELLER_175,68.12,24.6
ORD_51242,1,PROD_1082,SELLER_152,89.34,23.4
ORD_51243,1,PROD_1062,SELLER_219,86.42,19.8
ORD_51244,1,PROD_1080,SELLER_231,90.52,19.8
ORD_51245,1,PROD_1078,SELLER_133,61.0,17.4
ORD_51246,1,PROD_1086,SELLER_117,74.26,24.6
ORD_51247,1,PROD_1080,SELLER_137,85.43,28.2
ORD_51248,1,PROD_1076,SELLER_107,64.67,17.4
ORD_51249,1,PROD_1065,SELLER_121,97.96,19.8
ORD_51250,1,PROD_1078,SELLER_185,75.64,29.4
ORD_51251,1,PROD_1082,SELLER_208,73.46,22.2
ORD_51252,1,PROD_1070,SELLER_226,80.08,28.2
ORD_51253,1,PROD_1069,SELLER_156,99.4,24.6
ORD_51254,1,PROD_1064,SELLER_170,80.2,33.0
ORD_51255,1,PROD_1085,SELLER_277,93.33,17.4
ORD_51256,1,PROD_1082,SELLER_252,69.21,25.8
ORD_51257,1,PROD_1084,SELLER_289,84.25,31.8
ORD_51258,1,PROD_1064,SELLER_185,63.75,21.0
ORD_51259,1,PROD_1072,SELLER_167,57.19,18.6
ORD_51260,1,PROD_1077,SELLER_225,82.49,27.0
ORD_51261,1,PROD_1083,SELLER_158,100.82,40.2
ORD_51262,1,PROD_1085,SELLER_225,71.36,27.0
ORD_51263,1,PROD_1073,SELLER_190,76.89,24.6
ORD_51264,1,PROD_1070,SELLER_286,87.11,19.8
ORD_51265,1,PROD_1066,SELLER_107,72.32,21.0
ORD_51266,1,PROD_1068,SELLER_149,89.75,19.8
ORD_51267,1,PROD_1076,SELLER_234,100.68,24.6
ORD_51268,1,PROD_1080,SELLER_170,75.03,22.2
ORD_51269,1,PROD_1072,SELLER_131,93.79,29.4
ORD_51270,1,PROD_1065,SELLER_227,99.88,19.8
ORD_51271,1,PROD_1071,SELLER_270,84.32,17.4
ORD_51272,1,PROD_1071,SELLER_110,56.95,21.0
ORD_51273,1,PROD_1071,SELLER_190,56.48,25.8
ORD_51274,1,PROD_1071,SELLER_228,91.59,29.4
ORD_51275,1,PROD_1085,SELLER_249,65.1,27.0
ORD_51276,1,PROD_1073,SELLER_273,67.44,25.8
ORD_51277,1,PROD_1070,SELLER_252,97.66,17.4
ORD_51278,1,PROD_1080,SELLER_296,62.51,33.0
ORD_51279,1,PROD_1080,SELLER_218,97.97,29.4
ORD_51280,1,PROD_1078,SELLER_180,76.14,31.8
ORD_51281,1,PROD_1075,SELLER_205,77.24,25.8
ORD_51282,1,PROD_1086,SELLER_177,62.58,22.2
ORD_51283,1,PROD_1079,SELLER_175,96.75,31.8
ORD_51284,1,PROD_1086,SELLER_217,95.62,21.0
ORD_51285,1,PROD_1081,SELLER_174,60.63,28.2
ORD_51286,1,PROD_1063,SELLER_249,61.71,17.4
ORD_51287,1,PROD_1068,SELLER_243,79.48,17.4
ORD_51288,1,PROD_1082,SELLER_101,70.24,23.4
ORD_51289,1,PROD_1062,SELLER_130,63.14,33.0
ORD_51290,1,PROD_1074,SELLER_131,58.75,25.8
ORD_51291,1,PROD_1079,SELLER_256,67.96,28.2
ORD_51292,1,PROD_1066,SELLER_147,84.88,30.6
ORD_51293,1,PROD_1085,SELLER_151,87.73,28.2
ORD_51294,1,PROD_1065,SELLER_226,99.41,17.4
ORD_51295,1,PROD_1065,SELLER_208,77.13,27.0
ORD_51296,1,PROD_1080,SELLER_248,73.77,18.6
ORD_51297,1,PROD_1073,SELLER_219,99.58,17.4
ORD_51298,1,PROD_1078,SELLER_228,94.76,18.6
ORD_51299,1,PROD_1064,SELLER_138,64.1,22.2
ORD_51300,1,PROD_1084,SELLER_135,94.89,21.0
ORD_51301,1,PROD_1082,SELLER_220,78.02,24.6
ORD_51302,1,PROD_1083,SELLER_133,79.89,28.2
ORD_51303,1,PROD_1081,SELLER_117,93.59,23.4
ORD_51304,1,PROD_1065,SELLER_227,86.19,17.4
ORD_51305,1,PROD_1067,SELLER_198,89.02,39.0
ORD_51306,1,PROD_1086,SELLER_261,73.09,29.4
ORD_51307,1,PROD_1066,SELLER_246,100.75,22.2
ORD_51308,1,PROD_1083,SELLER_151,69.12,27.0
ORD_51309,1,PROD_1068,SELLER_106,60.12,30.6
ORD_51310,1,PROD_1066,SELLER_192,96.45,28.2
ORD_51311,1,PROD_1083,SELLER_286,89.1,24.6
ORD_51312,1,PROD_1091,SELLER_110,104.92,33.0
ORD_51313,1,PROD_1094,SELLER_114,87.73,27.0
ORD_51314,1,PROD_1087,SELLER_113,124.37,29.4
ORD_51315,1,PROD_1091,SELLER_130,94.23,21.0
ORD_51316,1,PROD_1088,SELLER_123,102.68,29.4
ORD_51317,1,PROD_1088,SELLER_103,154.62,29.4
ORD_51318,1,PROD_1101,SELLER_111,98.71,27.0
ORD_51319,1,PROD_1099,SELLER_131,119.28,19.8
ORD_51320,1,PROD_1104,SELLER_280,100.45,28.2
ORD_51321,1,PROD_1098,SELLER_174,140.08,28.2
ORD_51322,1,PROD_1090,SELLER_205,89.98,29.4
ORD_51323,1,PROD_1091,SELLER_233,144.31,21.0
ORD_51324,1,PROD_1098,SELLER_136,136.27,27.0
ORD_51325,1,PROD_1090,SELLER_108,87.72,36.6
ORD_51326,1,PROD_1099,SELLER_197,120.43,31.8
ORD_51327,1,PROD_1099,SELLER_210,98.98,30.6
ORD_51328,1,PROD_1098,SELLER_255,150.92,35.4
ORD_51329,1,PROD_1100,SELLER_300,145.99,23.4
ORD_51330,1,PROD_1099,SELLER_273,151.97,21.0
ORD_51331,1,PROD_1092,SELLER_219,152.51,31.8
ORD_51332,1,PROD_1095,SELLER_163,92.15,28.2
ORD_51333,1,PROD_1095,SELLER_268,111.21,29.4
ORD_51334,1,PROD_1096,SELLER_182,125.47,41.4
ORD_51335,1,PROD_1098,SELLER_242,119.38,19.8
ORD_51336,1,PROD_1104,SELLER_116,107.92,41.4
ORD_51337,1,PROD_1092,SELLER_258,96.39,29.4
ORD_51338,1,PROD_1103,SELLER_248,145.63,27.0
ORD_51339,1,PROD_1095,SELLER_190,87.36,36.6
ORD_51340,1,PROD_1101,SELLER_119,94.06,17.4
ORD_51341,1,PROD_1100,SELLER_209,91.18,19.8
ORD_51342,1,PROD_1100,SELLER_195,148.17,25.8
ORD_51343,1,PROD_1096,SELLER_251,150.44,19.8
ORD_51344,1,PROD_1103,SELLER_282,140.31,41.4
ORD_51345,1,PROD_1089,SELLER_157,152.4,21.0
ORD_51346,1,PROD_1103,SELLER_255,141.33,24.6
ORD_51347,1,PROD_1096,SELLER_184,149.11,29.4
ORD_51348,1,PROD_1090,SELLER_213,134.07,31.8
ORD_51349,1,PROD_1103,SELLER_192,91.52,28.2
ORD_51350,1,PROD_1091,SELLER_162,150.12,21.0
ORD_51351,1,PROD_1095,SELLER_187,141.16,31.8
ORD_51352,1,PROD_1091,SELLER_261,125.99,30.6
ORD_51353,1,PROD_1100,SELLER_241,104.42,29.4
ORD_51354,1,PROD_1088,SELLER_106,143.79,33.0
ORD_51355,1,PROD_1099,SELLER_190,148.64,25.8
ORD_51356,1,PROD_1096,SELLER_186,94.46,30.6
ORD_51357,1,PROD_1088,SELLER_190,91.34,28.2
ORD_51358,1,PROD_1102,SELLER_287,134.56,27.0
ORD_51359,1,PROD_1098,SELLER_216,132.75,24.6
ORD_51360,1,PROD_1095,SELLER_124,151.44,28.2
ORD_51361,1,PROD_1103,SELLER_248,148.16,36.6
ORD_51362,1,PROD_1093,SELLER_171,115.96,37.8
ORD_51363,1,PROD_1095,SELLER_157,119.83,25.8
ORD_51364,1,PROD_1094,SELLER_136,132.23,35.4
ORD_51365,1,PROD_1104,SELLER_149,123.37,24.6
ORD_51366,1,PROD_1100,SELLER_233,136.76,17.4
ORD_51367,1,PROD_1100,SELLER_122,120.28,22.2
ORD_51368,1,PROD_1094,SELLER_183,136.44,29.4
ORD_51369,1,PROD_1103,SELLER_118,132.62,27.0
ORD_51370,1,PROD_1103,SELLER_242,108.16,29.4
ORD_51371,1,PROD_1091,SELLER_156,126.71,40.2
ORD_51372,1,PROD_1091,SELLER_122,99.95,19.8
ORD_51373,1,PROD_1102,SELLER_153,124.73,29.4
ORD_51374,1,PROD_1095,SELLER_261,128.57,21.0
ORD_51375,1,PROD_1092,SELLER_159,146.82,34.2
ORD_51376,1,PROD_1090,SELLER_293,101.36,28.2
ORD_51377,1,PROD_1100,SELLER_218,94.24,19.8
ORD_51378,1,PROD_1091,SELLER_223,139.63,21.0
ORD_51379,1,PROD_1096,SELLER_155,104.74,34.2
ORD_51380,1,PROD_1099,SELLER_208,142.07,25.8
ORD_51381,1,PROD_1094,SELLER_111,109.7,30.6
ORD_51382,1,PROD_1093,SELLER_128,140.04,31.8
ORD_51383,1,PROD_1087,SELLER_123,141.62,22.2
ORD_51384,1,PROD_1088,SELLER_192,122.04,36.6
ORD_51385,1,PROD_1092,SELLER_184,149.09,30.6
ORD_51386,1,PROD_1087,SELLER_105,88.74,28.2
ORD_51387,1,PROD_1096,SELLER_158,107.05,25.8
ORD_51388,1,PROD_1090,SELLER_196,142.35,29.4
ORD_51389,1,PROD_1089,SELLER_229,91.53,22.2
ORD_51390,1,PROD_1104,SELLER_138,127.99,22.2
ORD_51391,1,PROD_1097,SELLER_290,115.59,31.8
ORD_51392,1,PROD_1095,SELLER_247,153.13,24.6
ORD_51393,1,PROD_1100,SELLER_223,124.96,23.4
ORD_51394,1,PROD_1099,SELLER_227,87.44,31.8
ORD_51395,1,PROD_1094,SELLER_106,126.12,27.0
ORD_51396,1,PROD_1090,SELLER_185,130.6,37.8
ORD_51397,1,PROD_1102,SELLER_121,127.2,34.2
ORD_51398,1,PROD_1100,SELLER_186,107.74,29.4
ORD_51399,1,PROD_1087,SELLER_153,104.75,23.4
ORD_51400,1,PROD_1101,SELLER_231,135.16,31.8
ORD_51401,1,PROD_1089,SELLER_293,112.17,33.0
ORD_51402,1,PROD_1090,SELLER_208,88.95,19.8
ORD_51403,1,PROD_1099,SELLER_130,86.89,23.4
ORD_51404,1,PROD_1097,SELLER_195,128.69,30.6
ORD_51405,1,PROD_1093,SELLER_282,141.64,47.4
ORD_51406,1,PROD_1091,SELLER_283,97.58,33.0
ORD_51407,1,PROD_1087,SELLER_148,107.77,28.2
ORD_51408,1,PROD_1090,SELLER_219,90.47,34.2
ORD_51409,1,PROD_1093,SELLER_209,105.2,27.0
ORD_51410,1,PROD_1095,SELLER_264,124.97,30.6
ORD_51411,1,PROD_1093,SELLER_167,105.57,33.0
ORD_51412,1,PROD_1102,SELLER_100,100.69,31.8
ORD_51413,1,PROD_1092,SELLER_100,119.06,25.8
ORD_51414,1,PROD_1101,SELLER_220,115.6,22.2
ORD_51415,1,PROD_1099,SELLER_190,134.98,33.0
ORD_51416,1,PROD_1091,SELLER_243,144.2,31.8
ORD_51417,1,PROD_1100,SELLER_145,131.24,29.4
ORD_51418,1,PROD_1100,SELLER_243,101.0,22.2
ORD_51419,1,PROD_1087,SELLER_192,99.76,33.0
ORD_51420,1,PROD_1095,SELLER_103,120.94,34.2
ORD_51421,1,PROD_1095,SELLER_114,105.17,27.0
ORD_51422,1,PROD_1092,SELLER_265,118.92,19.8
ORD_51423,1,PROD_1091,SELLER_145,134.94,34.2
ORD_51424,1,PROD_1090,SELLER_171,145.44,31.8
ORD_51425,1,PROD_1092,SELLER_250,148.75,29.4
ORD_51426,1,PROD_1088,SELLER_294,90.73,24.6
ORD_51427,1,PROD_1088,SELLER_150,105.26,31.8
ORD_51428,1,PROD_1095,SELLER_130,124.93,25.8
ORD_51429,1,PROD_1090,SELLER_146,149.59,35.4
ORD_51430,1,PROD_1098,SELLER_285,118.01,25.8
ORD_51431,1,PROD_1091,SELLER_197,107.67,33.0
ORD_51432,1,PROD_1093,SELLER_151,105.07,27.0
ORD_51433,1,PROD_1089,SELLER_248,120.05,33.0
ORD_51434,1,PROD_1099,SELLER_245,96.99,21.0
ORD_51435,1,PROD_1097,SELLER_228,134.53,30.6
ORD_51436,1,PROD_1093,SELLER_219,104.07,29.4
ORD_51437,1,PROD_1091,SELLER_182,118.49,31.8
ORD_51438,1,PROD_1090,SELLER_102,129.68,21.0
ORD_51439,1,PROD_1090,SELLER_191,99.16,35.4
ORD_51440,1,PROD_1100,SELLER_221,136.69,24.6
ORD_51441,1,PROD_1099,SELLER_159,106.96,25.8
ORD_51442,1,PROD_1099,SELLER_141,127.17,22.2
ORD_51443,1,PROD_1091,SELLER_185,95.21,28.2
ORD_51444,1,PROD_1098,SELLER_142,117.9,29.4
ORD_51445,1,PROD_1096,SELLER_160,91.8,35.4
ORD_51446,1,PROD_1102,SELLER_125,97.24,37.8
ORD_51447,1,PROD_1101,SELLER_295,134.98,27.0
ORD_51448,1,PROD_1097,SELLER_272,148.21,27.0
ORD_51449,1,PROD_1102,SELLER_250,132.47,23.4
ORD_51450,1,PROD_1094,SELLER_187,111.72,30.6
ORD_51451,1,PROD_1102,SELLER_154,99.22,29.4
ORD_51452,1,PROD_1092,SELLER_172,115.62,27.0
ORD_51453,1,PROD_1095,SELLER_207,152.39,34.2
ORD_51454,1,PROD_1090,SELLER_203,131.5,35.4
ORD_51455,1,PROD_1099,SELLER_113,115.4,17.4
ORD_51456,1,PROD_1101,SELLER_299,120.89,19.8
ORD_51457,1,PROD_1098,SELLER_145,93.96,28.2
ORD_51458,1,PROD_1087,SELLER_281,109.51,23.4
ORD_51459,1,PROD_1101,SELLER_218,116.26,30.6
ORD_51460,1,PROD_1088,SELLER_275,147.6,24.6
ORD_51461,1,PROD_1087,SELLER_145,123.7,25.8
ORD_51462,1,PROD_1096,SELLER_252,130.13,39.0
ORD_51463,1,PROD_1090,SELLER_137,94.95,36.6
ORD_51464,1,PROD_1103,SELLER_110,125.52,21.0
ORD_51465,1,PROD_1090,SELLER_285,112.6,34.2
ORD_51466,1,PROD_1099,SELLER_291,87.79,34.2
ORD_51467,1,PROD_1095,SELLER_257,154.9,37.8
ORD_51468,1,PROD_1102,SELLER_211,101.1,23.4
ORD_51469,1,PROD_1088,SELLER_146,127.97,30.6
ORD_51470,1,PROD_1087,SELLER_268,140.21,30.6
ORD_51471,1,PROD_1094,SELLER_281,101.76,21.0
ORD_51472,1,PROD_1101,SELLER_262,126.82,35.4
ORD_51473,1,PROD_1098,SELLER_138,143.01,27.0
ORD_51474,1,PROD_1092,SELLER_165,132.69,19.8
ORD_51475,1,PROD_1098,SELLER_291,91.98,31.8
ORD_51476,1,PROD_1101,SELLER_259,88.29,35.4
ORD_51477,1,PROD_1102,SELLER_196,154.54,27.0
ORD_51478,1,PROD_1099,SELLER_128,101.31,23.4
ORD_51479,1,PROD_1100,SELLER_155,110.54,28.2
ORD_51480,1,PROD_1090,SELLER_275,132.08,27.0
ORD_51481,1,PROD_1099,SELLER_203,101.78,34.2
ORD_51482,1,PROD_1087,SELLER_185,123.0,25.8
ORD_51483,1,PROD_1100,SELLER_205,153.47,39.0
ORD_51484,1,PROD_1100,SELLER_183,151.49,37.8
ORD_51485,1,PROD_1099,SELLER_149,124.34,21.0
ORD_51486,1,PROD_1102,SELLER_151,150.91,25.8
ORD_51487,1,PROD_1101,SELLER_275,117.93,30.6
ORD_51488,1,PROD_1090,SELLER_184,141.7,24.6
ORD_51489,1,PROD_1088,SELLER_204,133.31,23.4
ORD_51490,1,PROD_1100,SELLER_283,152.32,28.2
ORD_51491,1,PROD_1087,SELLER_285,116.51,33.0
ORD_51492,1,PROD_1103,SELLER_212,129.67,25.8
ORD_51493,1,PROD_1090,SELLER_193,136.07,31.8
ORD_51494,1,PROD_1102,SELLER_124,100.75,29.4
ORD_51495,1,PROD_1094,SELLER_187,138.48,31.8
ORD_51496,1,PROD_1101,SELLER_245,134.52,34.2
ORD_51497,1,PROD_1094,SELLER_244,146.98,34.2
ORD_51498,1,PROD_1096,SELLER_277,96.91,24.6
ORD_51499,1,PROD_1094,SELLER_154,88.18,33.0
ORD_51500,1,PROD_1103,SELLER_258,114.25,28.2
ORD_51501,1,PROD_1103,SELLER_224,112.08,42.6
ORD_51502,1,PROD_1099,SELLER_116,87.23,21.0
ORD_51503,1,PROD_1095,SELLER_286,128.25,33.0
ORD_51504,1,PROD_1103,SELLER_289,148.22,27.0
ORD_51505,1,PROD_1097,SELLER_169,121.26,21.0
ORD_51506,1,PROD_1103,SELLER_165,103.36,25.8
ORD_51507,1,PROD_1088,SELLER_168,153.83,41.4
ORD_51508,1,PROD_1088,SELLER_162,100.58,24.6
ORD_51509,1,PROD_1104,SELLER_113,147.08,34.2
ORD_51510,1,PROD_1093,SELLER_250,93.14,27.0
ORD_51511,1,PROD_1100,SELLER_128,145.67,29.4
ORD_51512,1,PROD_1095,SELLER_253,138.31,29.4
ORD_51513,1,PROD_1103,SELLER_172,119.6,25.8
ORD_51514,1,PROD_1095,SELLER_228,133.02,21.0
ORD_51515,1,PROD_1087,SELLER_230,108.28,27.0
ORD_51516,1,PROD_1100,SELLER_124,132.69,34.2
ORD_51517,1,PROD_1096,SELLER_181,120.87,30.6
ORD_51518,1,PROD_1093,SELLER_139,125.65,34.2
ORD_51519,1,PROD_1103,SELLER_267,153.95,27.0
ORD_51520,1,PROD_1095,SELLER_177,118.82,22.2
ORD_51521,1,PROD_1098,SELLER_180,143.47,46.2
ORD_51522,1,PROD_1100,SELLER_135,110.65,36.6
ORD_51523,1,PROD_1098,SELLER_209,87.88,21.0
ORD_51524,1,PROD_1095,SELLER_162,93.62,31.8
ORD_51525,1,PROD_1088,SELLER_199,140.15,31.8
ORD_51526,1,PROD_1099,SELLER_114,90.34,28.2
ORD_51527,1,PROD_1096,SELLER_134,93.91,29.4
ORD_51528,1,PROD_1091,SELLER_250,146.55,27.0
ORD_51529,1,PROD_1094,SELLER_239,108.87,29.4
ORD_51530,1,PROD_1089,SELLER_279,146.33,30.6
ORD_51531,1,PROD_1093,SELLER_219,98.96,34.2
ORD_51532,1,PROD_1090,SELLER_209,130.56,31.8
ORD_51533,1,PROD_1103,SELLER_244,112.02,33.0
ORD_51534,1,PROD_1097,SELLER_288,130.02,22.2
ORD_51535,1,PROD_1092,SELLER_122,141.35,23.4
ORD_51536,1,PROD_1095,SELLER_289,118.38,23.4
ORD_51537,1,PROD_1097,SELLER_299,117.58,27.0
ORD_51538,1,PROD_1096,SELLER_199,86.69,34.2
ORD_51539,1,PROD_1097,SELLER_267,122.98,21.0
ORD_51540,1,PROD_1091,SELLER_146,100.47,24.6
ORD_51541,1,PROD_1091,SELLER_117,123.52,28.2
ORD_51542,1,PROD_1096,SELLER_169,97.52,43.8
ORD_51543,1,PROD_1099,SELLER_290,88.0,21.0
ORD_51544,1,PROD_1101,SELLER_152,113.79,35.4
ORD_51545,1,PROD_1103,SELLER_293,94.65,19.8
ORD_51546,1,PROD_1097,SELLER_153,114.89,40.2
ORD_51547,1,PROD_1099,SELLER_202,141.69,31.8
ORD_51548,1,PROD_1089,SELLER_266,116.21,31.8
ORD_51549,1,PROD_1102,SELLER_170,87.34,29.4
ORD_51550,1,PROD_1094,SELLER_102,98.49,34.2
ORD_51551,1,PROD_1096,SELLER_206,111.9,23.4
ORD_51552,1,PROD_1091,SELLER_271,137.45,23.4
ORD_51553,1,PROD_1093,SELLER_260,107.37,23.4
ORD_51554,1,PROD_1087,SELLER_220,109.13,23.4
ORD_51555,1,PROD_1099,SELLER_284,138.86,34.2
ORD_51556,1,PROD_1089,SELLER_221,94.01,27.0
ORD_51557,1,PROD_1102,SELLER_165,118.64,19.8
ORD_51558,1,PROD_1102,SELLER_246,137.91,28.2
ORD_51559,1,PROD_1091,SELLER_121,101.81,22.2
ORD_51560,1,PROD_1094,SELLER_286,103.55,35.4
ORD_51561,1,PROD_1098,SELLER_248,131.87,30.6
ORD_51562,1,PROD_1093,SELLER_103,153.84,30.6
ORD_51563,1,PROD_1097,SELLER_223,87.06,28.2
ORD_51564,1,PROD_1093,SELLER_167,117.52,35.4
ORD_51565,1,PROD_1097,SELLER_224,141.93,24.6
ORD_51566,1,PROD_1103,SELLER_300,104.39,28.2
ORD_51567,1,PROD_1104,SELLER_158,94.96,28.2
ORD_51568,1,PROD_1098,SELLER_211,107.44,25.8
ORD_51569,1,PROD_1091,SELLER_156,144.21,29.4
ORD_51570,1,PROD_1103,SELLER_236,122.48,17.4
ORD_51571,1,PROD_1098,SELLER_274,97.2,30.6
ORD_51572,1,PROD_1100,SELLER_171,145.47,25.8
ORD_51573,1,PROD_1100,SELLER_219,147.92,33.0
ORD_51574,1,PROD_1104,SELLER_153,132.35,24.6
ORD_51575,1,PROD_1100,SELLER_223,95.93,24.6
ORD_51576,1,PROD_1093,SELLER_189,103.4,25.8
ORD_51577,1,PROD_1091,SELLER_136,100.45,34.2
ORD_51578,1,PROD_1096,SELLER_297,122.42,33.0
ORD_51579,1,PROD_1101,SELLER_293,96.85,22.2
ORD_51580,1,PROD_1095,SELLER_219,94.04,29.4
ORD_51581,1,PROD_1096,SELLER_126,101.75,33.0
ORD_51582,1,PROD_1100,SELLER_263,115.35,24.6
ORD_51583,1,PROD_1100,SELLER_164,132.27,31.8
ORD_51584,1,PROD_1102,SELLER_211,101.53,33.0
ORD_51585,1,PROD_1099,SELLER_127,89.15,34.2
ORD_51586,1,PROD_1100,SELLER_283,142.5,37.8
ORD_51587,1,PROD_1099,SELLER_260,142.36,31.8
ORD_51588,1,PROD_1092,SELLER_184,87.92,37.8
ORD_51589,1,PROD_1095,SELLER_274,110.99,25.8
ORD_51590,1,PROD_1088,SELLER_278,108.64,30.6
ORD_51591,1,PROD_1097,SELLER_292,137.36,30.6
ORD_51592,1,PROD_1104,SELLER_158,137.3,39.0
ORD_51593,1,PROD_1092,SELLER_151,138.45,35.4
ORD_51594,1,PROD_1092,SELLER_128,108.52,30.6
ORD_51595,1,PROD_1104,SELLER_201,123.39,22.2
ORD_51596,1,PROD_1099,SELLER_137,145.05,40.2
ORD_51597,1,PROD_1096,SELLER_121,128.58,28.2
ORD_51598,1,PROD_1104,SELLER_170,96.95,24.6
ORD_51599,1,PROD_1094,SELLER_155,116.63,24.6
ORD_51600,1,PROD_1087,SELLER_223,145.42,21.0
ORD_51601,1,PROD_1103,SELLER_260,126.33,34.2
ORD_51602,1,PROD_1094,SELLER_191,108.34,23.4
ORD_51603,1,PROD_1104,SELLER_124,126.2,31.8
ORD_51604,1,PROD_1094,SELLER_283,135.94,24.6
ORD_51605,1,PROD_1088,SELLER_212,118.01,22.2
ORD_51606,1,PROD_1104,SELLER_266,117.19,29.4
ORD_51607,1,PROD_1098,SELLER_284,90.76,22.2
ORD_51608,1,PROD_1102,SELLER_295,115.98,33.0
ORD_51609,1,PROD_1094,SELLER_230,125.57,23.4
ORD_51610,1,PROD_1098,SELLER_298,126.78,21.0
ORD_51611,1,PROD_1092,SELLER_163,136.8,21.0
ORD_51612,1,PROD_1090,SELLER_124,109.14,33.0
ORD_51613,1,PROD_1097,SELLER_179,98.88,24.6
ORD_51614,1,PROD_1092,SELLER_151,104.22,30.6
ORD_51615,1,PROD_1101,SELLER_234,138.13,23.4
ORD_51616,1,PROD_1098,SELLER_100,92.84,30.6
ORD_51617,1,PROD_1087,SELLER_245,141.45,29.4
ORD_51618,1,PROD_1102,SELLER_155,98.79,33.0
ORD_51619,1,PROD_1092,SELLER_280,147.76,27.0
ORD_51620,1,PROD_1088,SELLER_130,150.79,30.6
ORD_51621,1,PROD_1103,SELLER_125,97.8,31.8
ORD_51622,1,PROD_1101,SELLER_240,150.32,33.0
ORD_51623,1,PROD_1091,SELLER_225,102.77,23.4
ORD_51624,1,PROD_1102,SELLER_268,142.2,28.2
ORD_51625,1,PROD_1097,SELLER_244,149.17,30.6
ORD_51626,1,PROD_1097,SELLER_295,95.6,35.4
ORD_51627,1,PROD_1089,SELLER_225,120.09,33.0
ORD_51628,1,PROD_1088,SELLER_110,122.65,36.6
ORD_51629,1,PROD_1087,SELLER_177,89.51,31.8
ORD_51630,1,PROD_1100,SELLER_234,137.21,41.4
ORD_51631,1,PROD_1092,SELLER_282,147.82,35.4
ORD_51632,1,PROD_1099,SELLER_276,100.47,30.6
ORD_51633,1,PROD_1099,SELLER_195,143.28,29.4
ORD_51634,1,PROD_1095,SELLER_208,147.1,27.0
ORD_51635,1,PROD_1087,SELLER_205,114.95,24.6
ORD_51636,1,PROD_1087,SELLER_201,129.48,31.8
ORD_51637,1,PROD_1090,SELLER_225,94.2,30.6
ORD_51638,1,PROD_1099,SELLER_173,105.9,33.0
ORD_51639,1,PROD_1102,SELLER_232,100.1,34.2
ORD_51640,1,PROD_1089,SELLER_117,138.87,25.8
ORD_51641,1,PROD_1088,SELLER_228,131.99,40.2
ORD_51642,1,PROD_1095,SELLER_189,149.86,25.8
ORD_51643,1,PROD_1099,SELLER_174,96.81,37.8
ORD_51644,1,PROD_1101,SELLER_162,91.04,40.2
ORD_51645,1,PROD_1090,SELLER_204,133.5,29.4
ORD_51646,1,PROD_1097,SELLER_136,111.81,36.6
ORD_51647,1,PROD_1099,SELLER_130,139.29,24.6
ORD_51648,1,PROD_1087,SELLER_221,131.02,36.6
ORD_51649,1,PROD_1102,SELLER_188,128.52,39.0
ORD_51650,1,PROD_1091,SELLER_287,106.04,31.8
ORD_51651,1,PROD_1087,SELLER_176,116.04,41.4
ORD_51652,1,PROD_1099,SELLER_206,115.31,25.8
ORD_51653,1,PROD_1098,SELLER_270,109.56,30.6
ORD_51654,1,PROD_1093,SELLER_286,125.47,34.2
ORD_51655,1,PROD_1099,SELLER_127,96.0,31.8
ORD_51656,1,PROD_1093,SELLER_241,101.24,29.4
ORD_51657,1,PROD_1101,SELLER_152,87.89,17.4
ORD_51658,1,PROD_1099,SELLER_150,125.93,30.6
ORD_51659,1,PROD_1091,SELLER_224,138.87,31.8
ORD_51660,1,PROD_1089,SELLER_102,92.17,39.0
ORD_51661,1,PROD_1091,SELLER_178,152.35,25.8
ORD_51662,1,PROD_1097,SELLER_174,134.8,28.2
ORD_51663,1,PROD_1091,SELLER_130,97.51,30.6
ORD_51664,1,PROD_1104,SELLER_279,129.63,22.2
ORD_51665,1,PROD_1101,SELLER_110,92.95,33.0
ORD_51666,1,PROD_1101,SELLER_146,126.61,24.6
ORD_51667,1,PROD_1097,SELLER_194,154.41,24.6
ORD_51668,1,PROD_1099,SELLER_128,149.51,34.2
ORD_51669,1,PROD_1102,SELLER_251,87.35,31.8
ORD_51670,1,PROD_1103,SELLER_233,105.59,28.2
ORD_51671,1,PROD_1094,SELLER_167,134.59,24.6
ORD_51672,1,PROD_1101,SELLER_185,131.75,19.8
ORD_51673,1,PROD_1087,SELLER_151,107.14,27.0
ORD_51674,1,PROD_1099,SELLER_231,109.41,27.0
ORD_51675,1,PROD_1095,SELLER_225,124.36,31.8
ORD_51676,1,PROD_1097,SELLER_129,145.69,24.6
ORD_51677,1,PROD_1092,SELLER_139,112.01,22.2
ORD_51678,1,PROD_1087,SELLER_187,137.07,27.0
ORD_51679,1,PROD_1097,SELLER_127,140.49,21.0
ORD_51680,1,PROD_1089,SELLER_283,99.05,30.6
ORD_51681,1,PROD_1088,SELLER_199,135.72,25.8
ORD_51682,1,PROD_1093,SELLER_226,135.12,23.4
ORD_51683,1,PROD_1088,SELLER_229,116.78,23.4
ORD_51684,1,PROD_1104,SELLER_148,125.95,18.6
ORD_51685,1,PROD_1097,SELLER_158,138.43,30.6
ORD_51686,1,PROD_1096,SELLER_164,101.31,45.0
ORD_51687,1,PROD_1088,SELLER_188,90.58,30.6
ORD_51688,1,PROD_1101,SELLER_290,87.08,28.2
ORD_51689,1,PROD_1089,SELLER_286,125.52,28.2
ORD_51690,1,PROD_1102,SELLER_225,106.97,34.2
ORD_51691,1,PROD_1092,SELLER_190,89.2,28.2
ORD_51692,1,PROD_1099,SELLER_218,118.24,39.0
ORD_51693,1,PROD_1097,SELLER_261,112.57,27.0
ORD_51694,1,PROD_1092,SELLER_147,96.67,34.2
ORD_51695,1,PROD_1087,SELLER_140,120.57,31.8
ORD_51696,1,PROD_1102,SELLER_140,116.12,31.8
ORD_51697,1,PROD_1097,SELLER_255,134.97,27.0
ORD_51698,1,PROD_1093,SELLER_103,114.98,28.2
ORD_51699,1,PROD_1100,SELLER_253,128.45,28.2
ORD_51700,1,PROD_1091,SELLER_221,111.75,36.6
ORD_51701,1,PROD_1094,SELLER_180,149.05,28.2
ORD_51702,1,PROD_1097,SELLER_132,134.43,27.0
