order_id,payment_sequential,payment_type,payment_installments,payment_value
ORD_50001,1,credit_card,2,196.57
ORD_50002,1,credit_card,5,187.66
ORD_50003,1,boleto,4,194.49
ORD_50004,1,boleto,6,172.99
ORD_50005,1,voucher,2,230.25
ORD_50006,1,credit_card,5,165.61
ORD_50007,1,boleto,2,167.95
ORD_50008,1,credit_card,2,238.18
ORD_50009,1,voucher,6,239.79
ORD_50010,1,credit_card,1,191.11
ORD_50011,1,credit_card,1,207.17
ORD_50012,1,voucher,2,200.96
ORD_50013,1,credit_card,1,221.74
ORD_50014,1,voucher,1,151.99
ORD_50015,1,credit_card,3,194.46
ORD_50016,1,credit_card,2,236.49
ORD_50017,1,boleto,3,159.47
ORD_50018,1,voucher,6,240.94
ORD_50019,1,boleto,1,201.62
ORD_50020,1,credit_card,5,151.91
ORD_50021,1,boleto,6,153.1
ORD_50022,1,voucher,3,188.53
ORD_50023,1,credit_card,3,165.01
ORD_50024,1,voucher,3,188.72
ORD_50025,1,boleto,1,160.01
ORD_50026,1,boleto,2,218.02
ORD_50027,1,boleto,1,161.4
ORD_50028,1,voucher,1,196.47
ORD_50029,1,credit_card,3,171.19
ORD_50030,1,boleto,5,177.57
ORD_50031,1,boleto,6,220.2
ORD_50032,1,boleto,2,154.41
ORD_50033,1,boleto,3,213.36
ORD_50034,1,boleto,1,242.06
ORD_50035,1,voucher,3,205.28
ORD_50036,1,voucher,5,214.12
ORD_50037,1,boleto,6,227.07
ORD_50038,1,voucher,3,187.26
ORD_50039,1,voucher,3,239.86
ORD_50040,1,boleto,4,209.79
ORD_50041,1,voucher,5,167.72
ORD_50042,1,credit_card,2,171.75
ORD_50043,1,credit_card,6,228.77
ORD_50044,1,credit_card,4,157.25
ORD_50045,1,voucher,5,199.96
ORD_50046,1,voucher,4,188.21
ORD_50047,1,credit_card,6,172.14
ORD_50048,1,voucher,2,169.03
ORD_50049,1,boleto,4,196.32
ORD_50050,1,credit_card,3,203.42
ORD_50051,1,credit_card,3,226.21
ORD_50052,1,voucher,5,221.09
ORD_50053,1,credit_card,1,196.27
ORD_50054,1,boleto,3,240.19
ORD_50055,1,credit_card,6,163.81
ORD_50056,1,credit_card,4,211.1
ORD_50057,1,voucher,6,164.55
ORD_50058,1,boleto,6,207.03
ORD_50059,1,voucher,1,216.43
ORD_50060,1,boleto,1,183.66
ORD_50061,1,boleto,5,228.35
ORD_50062,1,credit_card,1,210.92
ORD_50063,1,credit_card,4,197.34
ORD_50064,1,credit_card,2,196.94
ORD_50065,1,credit_card,3,197.03
ORD_50066,1,voucher,5,188.61
ORD_50067,1,credit_card,1,179.77
ORD_50068,1,credit_card,6,223.25
ORD_50069,1,voucher,5,165.59
ORD_50070,1,boleto,1,205.38
ORD_50071,1,boleto,4,188.41
ORD_50072,1,credit_card,5,216.92
ORD_50073,1,voucher,2,192.76
ORD_50074,1,boleto,3,185.73
ORD_50075,1,boleto,6,166.93
ORD_50076,1,voucher,4,187.27
ORD_50077,1,boleto,6,157.11
ORD_50078,1,credit_card,1,158.07
ORD_50079,1,voucher,4,196.25
ORD_50080,1,boleto,6,160.34
ORD_50081,1,voucher,1,226.68
ORD_50082,1,voucher,4,166.41
ORD_50083,1,boleto,4,234.98
ORD_50084,1,voucher,1,177.72
ORD_50085,1,credit_card,6,191.68
ORD_50086,1,boleto,6,186.69
ORD_50087,1,boleto,1,193.52
ORD_50088,1,credit_card,1,202.52
ORD_50089,1,boleto,4,167.24
ORD_50090,1,credit_card,5,202.43
ORD_50091,1,boleto,6,191.44
ORD_50092,1,voucher,4,181.67
ORD_50093,1,boleto,1,175.23
ORD_50094,1,credit_card,2,240.84
ORD_50095,1,boleto,6,147.32
ORD_50096,1,credit_card,3,219.88
ORD_50097,1,credit_card,6,150.36
ORD_50098,1,credit_card,4,229.53
ORD_50099,1,boleto,2,170.98
ORD_50100,1,voucher,6,163.81
ORD_50101,1,boleto,6,225.97
ORD_50102,1,boleto,2,208.86
ORD_50103,1,voucher,3,185.24
ORD_50104,1,credit_card,5,216.17
ORD_50105,1,voucher,6,213.74
ORD_50106,1,voucher,2,158.53
ORD_50107,1,boleto,5,158.97
ORD_50108,1,credit_card,4,229.49
ORD_50109,1,credit_card,3,183.45
ORD_50110,1,credit_card,6,231.47
ORD_50111,1,voucher,4,165.74
ORD_50112,1,boleto,4,164.4
ORD_50113,1,voucher,5,203.49
ORD_50114,1,voucher,4,212.9
ORD_50115,1,boleto,1,185.71
ORD_50116,1,boleto,1,181.41
ORD_50117,1,voucher,2,172.7
ORD_50118,1,boleto,2,242.63
ORD_50119,1,credit_card,3,208.19
ORD_50120,1,voucher,1,217.9
ORD_50121,1,credit_card,4,211.86
ORD_50122,1,credit_card,3,229.68
ORD_50123,1,voucher,3,198.0
ORD_50124,1,voucher,6,213.74
ORD_50125,1,boleto,6,230.72
ORD_50126,1,credit_card,1,208.55
ORD_50127,1,voucher,1,193.66
ORD_50128,1,voucher,1,232.49
ORD_50129,1,boleto,2,174.57
ORD_50130,1,boleto,5,188.85
ORD_50131,1,credit_card,2,222.5
ORD_50132,1,credit_card,2,197.78
ORD_50133,1,credit_card,3,185.88
ORD_50134,1,voucher,1,167.06
ORD_50135,1,credit_card,5,195.07
ORD_50136,1,boleto,5,181.92
ORD_50137,1,credit_card,4,183.83
ORD_50138,1,boleto,1,197.87
ORD_50139,1,boleto,5,238.62
ORD_50140,1,boleto,6,167.32
ORD_50141,1,credit_card,4,209.4
ORD_50142,1,voucher,1,162.18
ORD_50143,1,credit_card,5,168.64
ORD_50144,1,boleto,6,202.35
ORD_50145,1,voucher,3,161.65
ORD_50146,1,boleto,1,154.98
ORD_50147,1,voucher,5,188.88
ORD_50148,1,voucher,4,216.22
ORD_50149,1,credit_card,2,199.46
ORD_50150,1,boleto,3,228.01
ORD_50151,1,boleto,3,162.8
ORD_50152,1,voucher,6,183.28
ORD_50153,1,voucher,6,219.85
ORD_50154,1,credit_card,3,191.0
ORD_50155,1,credit_card,5,159.8
ORD_50156,1,voucher,2,186.86
ORD_50157,1,voucher,6,163.06
ORD_50158,1,boleto,2,180.53
ORD_50159,1,credit_card,5,182.18
ORD_50160,1,voucher,5,196.73
ORD_50161,1,credit_card,4,179.94
ORD_50162,1,credit_card,4,190.99
ORD_50163,1,boleto,2,231.77
ORD_50164,1,credit_card,1,202.29
ORD_50165,1,boleto,1,228.54
ORD_50166,1,voucher,5,231.55
ORD_50167,1,voucher,4,205.71
ORD_50168,1,voucher,1,206.59
ORD_50169,1,credit_card,3,215.16
ORD_50170,1,voucher,2,183.45
ORD_50171,1,voucher,4,225.7
ORD_50172,1,boleto,3,212.43
ORD_50173,1,boleto,4,172.02
ORD_50174,1,boleto,6,173.86
ORD_50175,1,boleto,5,224.15
ORD_50176,1,voucher,3,156.32
ORD_50177,1,voucher,4,152.14
ORD_50178,1,credit_card,1,228.37
ORD_50179,1,boleto,5,206.03
ORD_50180,1,credit_card,5,222.57
ORD_50181,1,boleto,5,155.47
ORD_50182,1,credit_card,1,175.08
ORD_50183,1,voucher,3,252.85
ORD_50184,1,credit_card,2,202.23
ORD_50185,1,credit_card,3,152.75
ORD_50186,1,credit_card,2,218.31
ORD_50187,1,voucher,6,179.15
ORD_50188,1,credit_card,2,198.27
ORD_50189,1,voucher,3,177.95
ORD_50190,1,credit_card,2,173.03
ORD_50191,1,voucher,3,230.75
ORD_50192,1,boleto,4,199.52
ORD_50193,1,boleto,4,164.88
ORD_50194,1,boleto,5,236.75
ORD_50195,1,credit_card,3,186.11
ORD_50196,1,voucher,3,218.67
ORD_50197,1,boleto,5,202.41
ORD_50198,1,voucher,6,191.5
ORD_50199,1,boleto,3,224.19
ORD_50200,1,voucher,4,169.35
ORD_50201,1,voucher,3,195.56
ORD_50202,1,credit_card,6,159.15
ORD_50203,1,boleto,2,170.45
ORD_50204,1,voucher,3,194.74
ORD_50205,1,voucher,6,180.66
ORD_50206,1,voucher,6,186.12
ORD_50207,1,voucher,1,173.6
ORD_50208,1,voucher,4,164.18
ORD_50209,1,boleto,5,194.89
ORD_50210,1,voucher,6,211.17
ORD_50211,1,credit_card,3,186.49
ORD_50212,1,boleto,3,191.53
ORD_50213,1,credit_card,3,178.86
ORD_50214,1,voucher,6,229.57
ORD_50215,1,credit_card,6,214.23
ORD_50216,1,voucher,2,218.46
ORD_50217,1,credit_card,1,181.86
ORD_50218,1,credit_card,4,188.11
ORD_50219,1,voucher,1,157.58
ORD_50220,1,voucher,4,192.82
ORD_50221,1,voucher,3,230.59
ORD_50222,1,boleto,5,228.49
ORD_50223,1,credit_card,3,185.68
ORD_50224,1,voucher,3,205.57
ORD_50225,1,voucher,3,185.79
ORD_50226,1,voucher,5,194.7
ORD_50227,1,credit_card,5,210.37
ORD_50228,1,voucher,5,230.27
ORD_50229,1,credit_card,5,222.04
ORD_50230,1,boleto,6,205.96
ORD_50231,1,credit_card,1,224.62
ORD_50232,1,credit_card,2,157.19
ORD_50233,1,voucher,5,190.33
ORD_50234,1,credit_card,1,159.73
ORD_50235,1,credit_card,4,191.86
ORD_50236,1,credit_card,2,194.23
ORD_50237,1,credit_card,6,216.02
ORD_50238,1,boleto,2,158.2
ORD_50239,1,voucher,2,227.89
ORD_50240,1,credit_card,3,194.94
ORD_50241,1,boleto,2,180.44
ORD_50242,1,credit_card,4,186.04
ORD_50243,1,boleto,6,179.66
ORD_50244,1,voucher,5,164.96
ORD_50245,1,boleto,1,230.88
ORD_50246,1,credit_card,4,218.94
ORD_50247,1,boleto,3,203.26
ORD_50248,1,boleto,4,233.69
ORD_50249,1,voucher,4,236.72
ORD_50250,1,voucher,3,201.39
ORD_50251,1,credit_card,2,213.86
ORD_50252,1,voucher,1,240.16
ORD_50253,1,voucher,4,159.45
ORD_50254,1,credit_card,5,209.67
ORD_50255,1,voucher,2,167.52
ORD_50256,1,voucher,2,242.51
ORD_50257,1,credit_card,1,211.59
ORD_50258,1,boleto,4,209.98
ORD_50259,1,voucher,4,173.69
ORD_50260,1,credit_card,2,152.49
ORD_50261,1,voucher,5,209.81
ORD_50262,1,credit_card,4,239.05
ORD_50263,1,boleto,4,177.53
ORD_50264,1,credit_card,5,203.13
ORD_50265,1,voucher,2,189.52
ORD_50266,1,boleto,1,189.31
ORD_50267,1,voucher,1,150.7
ORD_50268,1,voucher,2,224.01
ORD_50269,1,credit_card,1,181.27
ORD_50270,1,voucher,6,181.83
ORD_50271,1,voucher,4,235.57
ORD_50272,1,voucher,2,217.65
ORD_50273,1,voucher,6,231.35
ORD_50274,1,credit_card,5,180.98
ORD_50275,1,credit_card,4,195.62
ORD_50276,1,voucher,2,185.02
ORD_50277,1,boleto,5,199.72
ORD_50278,1,boleto,2,175.34
ORD_50279,1,credit_card,1,176.79
ORD_50280,1,boleto,3,214.63
ORD_50281,1,credit_card,6,187.94
ORD_50282,1,boleto,6,186.69
ORD_50283,1,voucher,1,158.64
ORD_50284,1,boleto,4,169.87
ORD_50285,1,voucher,5,201.38
ORD_50286,1,boleto,6,218.55
ORD_50287,1,credit_card,4,167.46
ORD_50288,1,credit_card,3,209.0
ORD_50289,1,credit_card,3,205.91
ORD_50290,1,voucher,2,198.82
ORD_50291,1,voucher,2,231.55
ORD_50292,1,boleto,2,230.53
ORD_50293,1,boleto,4,199.51
ORD_50294,1,boleto,5,209.61
ORD_50295,1,boleto,5,183.1
ORD_50296,1,voucher,6,236.84
ORD_50297,1,boleto,1,231.43
ORD_50298,1,credit_card,5,202.91
ORD_50299,1,boleto,6,201.71
ORD_50300,1,boleto,6,219.79
ORD_50301,1,boleto,4,208.03
ORD_50302,1,voucher,1,181.89
ORD_50303,1,voucher,1,183.61
ORD_50304,1,credit_card,4,226.68
ORD_50305,1,boleto,5,141.69
ORD_50306,1,boleto,4,131.23
ORD_50307,1,voucher,3,129.44
ORD_50308,1,voucher,4,127.36
ORD_50309,1,credit_card,4,136.98
ORD_50310,1,boleto,3,145.72
ORD_50311,1,credit_card,1,93.29
ORD_50312,1,voucher,4,143.11
ORD_50313,1,voucher,3,159.73
ORD_50314,1,boleto,1,96.84
ORD_50315,1,credit_card,6,109.73
ORD_50316,1,voucher,3,112.27
ORD_50317,1,voucher,6,103.16
ORD_50318,1,boleto,1,115.86
ORD_50319,1,credit_card,1,148.0
ORD_50320,1,boleto,6,115.34
ORD_50321,1,credit_card,4,115.33
ORD_50322,1,credit_card,3,131.34
ORD_50323,1,credit_card,6,149.43
ORD_50324,1,boleto,6,111.83
ORD_50325,1,boleto,1,143.89
ORD_50326,1,voucher,3,154.68
ORD_50327,1,credit_card,6,141.56
ORD_50328,1,boleto,4,127.99
ORD_50329,1,voucher,1,163.34
ORD_50330,1,credit_card,4,129.57
ORD_50331,1,voucher,1,153.48
ORD_50332,1,voucher,3,128.11
ORD_50333,1,credit_card,2,125.09
ORD_50334,1,voucher,1,117.23
ORD_50335,1,credit_card,1,157.54
ORD_50336,1,boleto,6,98.85
ORD_50337,1,credit_card,3,110.18
ORD_50338,1,boleto,1,133.59
ORD_50339,1,credit_card,4,125.05
ORD_50340,1,voucher,3,131.32
ORD_50341,1,voucher,3,98.08
ORD_50342,1,credit_card,2,116.38
ORD_50343,1,voucher,3,122.73
ORD_50344,1,credit_card,4,120.25
ORD_50345,1,credit_card,5,96.98
ORD_50346,1,credit_card,2,123.46
ORD_50347,1,credit_card,5,134.98
ORD_50348,1,boleto,3,127.44
ORD_50349,1,voucher,3,150.43
ORD_50350,1,credit_card,2,136.55
ORD_50351,1,boleto,5,101.48
ORD_50352,1,credit_card,6,111.26
ORD_50353,1,voucher,1,111.51
ORD_50354,1,voucher,4,98.72
ORD_50355,1,credit_card,4,122.11
ORD_50356,1,boleto,1,120.3
ORD_50357,1,boleto,6,120.2
ORD_50358,1,boleto,6,113.13
ORD_50359,1,boleto,2,127.93
ORD_50360,1,credit_card,2,132.6
ORD_50361,1,boleto,1,124.9
ORD_50362,1,boleto,4,123.55
ORD_50363,1,voucher,2,144.11
ORD_50364,1,boleto,6,114.38
ORD_50365,1,credit_card,1,147.93
ORD_50366,1,credit_card,4,144.12
ORD_50367,1,credit_card,1,120.72
ORD_50368,1,voucher,5,146.55
ORD_50369,1,credit_card,1,140.75
ORD_50370,1,boleto,5,116.25
ORD_50371,1,boleto,1,129.85
ORD_50372,1,credit_card,3,153.72
ORD_50373,1,credit_card,2,140.78
ORD_50374,1,voucher,6,110.54
ORD_50375,1,voucher,3,147.72
ORD_50376,1,credit_card,5,149.64
ORD_50377,1,credit_card,4,142.04
ORD_50378,1,boleto,6,149.73
ORD_50379,1,voucher,5,125.97
ORD_50380,1,voucher,2,117.99
ORD_50381,1,voucher,1,122.52
ORD_50382,1,credit_card,3,127.05
ORD_50383,1,boleto,2,144.02
ORD_50384,1,voucher,1,143.77
ORD_50385,1,voucher,3,115.31
ORD_50386,1,credit_card,1,108.61
ORD_50387,1,credit_card,6,138.5
ORD_50388,1,credit_card,3,133.28
ORD_50389,1,voucher,2,142.5
ORD_50390,1,credit_card,6,145.67
ORD_50391,1,boleto,3,119.8
ORD_50392,1,voucher,5,132.08
ORD_50393,1,voucher,3,152.07
ORD_50394,1,credit_card,3,146.23
ORD_50395,1,credit_card,4,115.29
ORD_50396,1,credit_card,2,119.89
ORD_50397,1,boleto,1,126.09
ORD_50398,1,credit_card,6,107.53
ORD_50399,1,voucher,3,98.03
ORD_50400,1,boleto,6,112.07
ORD_50401,1,credit_card,4,122.53
ORD_50402,1,voucher,6,106.37
ORD_50403,1,credit_card,5,150.53
ORD_50404,1,credit_card,5,130.41
ORD_50405,1,voucher,3,131.48
ORD_50406,1,credit_card,4,118.04
ORD_50407,1,voucher,4,103.52
ORD_50408,1,credit_card,1,107.1
ORD_50409,1,voucher,6,147.38
ORD_50410,1,credit_card,3,102.42
ORD_50411,1,voucher,6,103.87
ORD_50412,1,credit_card,1,122.05
ORD_50413,1,credit_card,2,145.2
ORD_50414,1,voucher,4,130.32
ORD_50415,1,credit_card,4,130.35
ORD_50416,1,voucher,5,141.94
ORD_50417,1,boleto,2,135.19
ORD_50418,1,boleto,2,132.75
ORD_50419,1,voucher,6,103.64
ORD_50420,1,boleto,3,128.48
ORD_50421,1,credit_card,5,145.1
ORD_50422,1,credit_card,2,151.7
ORD_50423,1,credit_card,6,139.18
ORD_50424,1,credit_card,2,111.32
ORD_50425,1,credit_card,4,123.97
ORD_50426,1,boleto,1,141.63
ORD_50427,1,boleto,1,155.61
ORD_50428,1,voucher,5,143.86
ORD_50429,1,voucher,2,130.51
ORD_50430,1,voucher,3,122.32
ORD_50431,1,voucher,2,146.16
ORD_50432,1,voucher,3,120.66
ORD_50433,1,boleto,6,154.89
ORD_50434,1,voucher,1,121.29
ORD_50435,1,credit_card,5,143.83
ORD_50436,1,voucher,3,137.32
ORD_50437,1,credit_card,6,156.13
ORD_50438,1,credit_card,6,133.74
ORD_50439,1,voucher,5,107.33
ORD_50440,1,credit_card,5,127.07
ORD_50441,1,credit_card,2,137.65
ORD_50442,1,voucher,3,133.93
ORD_50443,1,boleto,2,138.03
ORD_50444,1,voucher,5,116.63
ORD_50445,1,voucher,2,145.65
ORD_50446,1,voucher,3,126.36
ORD_50447,1,credit_card,2,124.05
ORD_50448,1,credit_card,2,154.34
ORD_50449,1,credit_card,1,148.83
ORD_50450,1,voucher,4,127.52
ORD_50451,1,credit_card,6,148.4
ORD_50452,1,boleto,4,130.94
ORD_50453,1,voucher,4,121.04
ORD_50454,1,voucher,5,158.07
ORD_50455,1,credit_card,6,152.72
ORD_50456,1,boleto,2,114.38
ORD_50457,1,voucher,5,109.54
ORD_50458,1,credit_card,2,108.69
ORD_50459,1,boleto,3,111.49
ORD_50460,1,boleto,3,143.78
ORD_50461,1,boleto,4,123.27
ORD_50462,1,voucher,2,160.01
ORD_50463,1,boleto,5,153.95
ORD_50464,1,voucher,6,132.48
ORD_50465,1,voucher,1,102.19
ORD_50466,1,voucher,2,139.88
ORD_50467,1,boleto,2,111.51
ORD_50468,1,credit_card,1,113.27
ORD_50469,1,voucher,5,146.73
ORD_50470,1,voucher,4,121.05
ORD_50471,1,credit_card,5,120.84
ORD_50472,1,credit_card,6,127.49
ORD_50473,1,boleto,1,134.9
ORD_50474,1,boleto,2,102.79
ORD_50475,1,boleto,5,151.53
ORD_50476,1,credit_card,5,133.03
ORD_50477,1,credit_card,4,125.6
ORD_50478,1,voucher,4,111.76
ORD_50479,1,voucher,5,134.18
ORD_50480,1,credit_card,6,155.12
ORD_50481,1,boleto,3,164.26
ORD_50482,1,boleto,5,157.95
ORD_50483,1,voucher,5,134.02
ORD_50484,1,boleto,3,140.08
ORD_50485,1,voucher,4,122.88
ORD_50486,1,boleto,3,134.41
ORD_50487,1,credit_card,1,126.0
ORD_50488,1,credit_card,2,151.26
ORD_50489,1,voucher,4,104.02
ORD_50490,1,credit_card,6,102.82
ORD_50491,1,voucher,5,100.34
ORD_50492,1,credit_card,6,136.94
ORD_50493,1,voucher,1,133.4
ORD_50494,1,boleto,3,135.41
ORD_50495,1,credit_card,4,141.25
ORD_50496,1,voucher,3,141.24
ORD_50497,1,credit_card,3,131.02
ORD_50498,1,credit_card,3,144.58
ORD_50499,1,boleto,5,155.68
ORD_50500,1,boleto,3,112.21
ORD_50501,1,boleto,2,123.09
ORD_50502,1,boleto,5,143.04
ORD_50503,1,credit_card,5,142.54
ORD_50504,1,boleto,4,112.6
ORD_50505,1,voucher,5,131.36
ORD_50506,1,voucher,3,106.33
ORD_50507,1,boleto,4,119.27
ORD_50508,1,voucher,2,137.46
ORD_50509,1,credit_card,4,111.42
ORD_50510,1,boleto,3,124.66
ORD_50511,1,credit_card,3,143.83
ORD_50512,1,boleto,3,120.19
ORD_50513,1,credit_card,3,139.25
ORD_50514,1,credit_card,6,119.71
ORD_50515,1,credit_card,3,106.37
ORD_50516,1,voucher,5,141.45
ORD_50517,1,voucher,3,116.03
ORD_50518,1,voucher,1,100.05
ORD_50519,1,credit_card,1,112.5
ORD_50520,1,credit_card,5,118.61
ORD_50521,1,boleto,4,136.09
ORD_50522,1,boleto,6,114.0
ORD_50523,1,boleto,3,145.12
ORD_50524,1,voucher,1,118.11
ORD_50525,1,credit_card,1,148.36
ORD_50526,1,voucher,4,112.07
ORD_50527,1,voucher,6,130.94
ORD_50528,1,boleto,5,118.81
ORD_50529,1,credit_card,1,152.73
ORD_50530,1,credit_card,3,110.2
ORD_50531,1,credit_card,3,149.6
ORD_50532,1,boleto,1,142.78
ORD_50533,1,credit_card,4,117.75
ORD_50534,1,voucher,6,152.14
ORD_50535,1,credit_card,1,150.74
ORD_50536,1,credit_card,1,135.77
ORD_50537,1,credit_card,2,106.83
ORD_50538,1,voucher,1,115.42
ORD_50539,1,boleto,2,134.81
ORD_50540,1,voucher,4,144.9
ORD_50541,1,voucher,4,134.4
ORD_50542,1,credit_card,1,158.18
ORD_50543,1,voucher,4,112.99
ORD_50544,1,boleto,2,144.5
ORD_50545,1,credit_card,5,125.57
ORD_50546,1,credit_card,1,110.54
ORD_50547,1,credit_card,1,115.14
ORD_50548,1,credit_card,3,123.54
ORD_50549,1,voucher,3,140.96
ORD_50550,1,voucher,1,99.11
ORD_50551,1,voucher,2,105.07
ORD_50552,1,boleto,6,150.27
ORD_50553,1,credit_card,5,124.3
ORD_50554,1,voucher,4,150.87
ORD_50555,1,voucher,6,108.77
ORD_50556,1,boleto,5,99.76
ORD_50557,1,voucher,3,149.05
ORD_50558,1,boleto,5,110.49
ORD_50559,1,boleto,4,148.56
ORD_50560,1,boleto,4,147.78
ORD_50561,1,credit_card,6,154.08
ORD_50562,1,credit_card,3,131.2
ORD_50563,1,voucher,1,147.15
ORD_50564,1,credit_card,5,125.16
ORD_50565,1,voucher,2,147.64
ORD_50566,1,credit_card,1,126.62
ORD_50567,1,boleto,2,138.66
ORD_50568,1,credit_card,6,147.9
ORD_50569,1,credit_card,5,108.15
ORD_50570,1,credit_card,3,120.84
ORD_50571,1,voucher,2,124.26
ORD_50572,1,credit_card,6,116.05
ORD_50573,1,voucher,3,141.01
ORD_50574,1,credit_card,3,135.31
ORD_50575,1,credit_card,1,135.69
ORD_50576,1,boleto,3,103.13
ORD_50577,1,voucher,3,140.1
ORD_50578,1,voucher,4,139.63
ORD_50579,1,boleto,5,153.13
ORD_50580,1,credit_card,6,143.52
ORD_50581,1,credit_card,3,160.01
ORD_50582,1,boleto,3,153.95
ORD_50583,1,voucher,3,104.75
ORD_50584,1,credit_card,5,140.1
ORD_50585,1,credit_card,2,125.99
ORD_50586,1,credit_card,4,143.82
ORD_50587,1,boleto,1,148.35
ORD_50588,1,boleto,1,128.75
ORD_50589,1,voucher,4,152.29
ORD_50590,1,boleto,2,151.86
ORD_50591,1,voucher,6,103.39
ORD_50592,1,credit_card,4,118.22
ORD_50593,1,credit_card,1,150.11
ORD_50594,1,boleto,5,137.23
ORD_50595,1,credit_card,4,118.9
ORD_50596,1,voucher,3,145.04
ORD_50597,1,voucher,4,137.17
ORD_50598,1,voucher,3,135.4
ORD_50599,1,voucher,5,111.31
ORD_50600,1,credit_card,2,114.37
ORD_50601,1,boleto,3,121.52
ORD_50602,1,credit_card,1,103.22
ORD_50603,1,credit_card,1,148.91
ORD_50604,1,voucher,5,158.22
ORD_50605,1,voucher,4,127.46
ORD_50606,1,voucher,1,107.26
ORD_50607,1,credit_card,1,124.88
ORD_50608,1,voucher,3,113.79
ORD_50609,1,credit_card,2,142.03
ORD_50610,1,boleto,5,130.26
ORD_50611,1,voucher,3,113.33
ORD_50612,1,boleto,1,105.69
ORD_50613,1,boleto,6,108.39
ORD_50614,1,boleto,3,142.98
ORD_50615,1,credit_card,1,124.53
ORD_50616,1,voucher,3,155.07
ORD_50617,1,credit_card,6,153.89
ORD_50618,1,credit_card,3,136.44
ORD_50619,1,credit_card,3,140.25
ORD_50620,1,credit_card,2,135.59
ORD_50621,1,voucher,3,116.76
ORD_50622,1,boleto,6,102.46
ORD_50623,1,voucher,6,148.18
ORD_50624,1,boleto,5,115.94
ORD_50625,1,credit_card,5,124.88
ORD_50626,1,credit_card,4,122.76
ORD_50627,1,voucher,5,114.82
ORD_50628,1,voucher,4,141.63
ORD_50629,1,credit_card,3,156.56
ORD_50630,1,credit_card,6,102.99
ORD_50631,1,credit_card,3,119.36
ORD_50632,1,boleto,4,142.14
ORD_50633,1,credit_card,2,152.78
ORD_50634,1,boleto,5,140.94
ORD_50635,1,boleto,2,115.78
ORD_50636,1,voucher,5,150.24
ORD_50637,1,voucher,4,111.11
ORD_50638,1,voucher,2,135.83
ORD_50639,1,boleto,6,144.6
ORD_50640,1,credit_card,2,139.68
ORD_50641,1,voucher,4,127.61
ORD_50642,1,voucher,5,155.77
ORD_50643,1,voucher,1,123.79
ORD_50644,1,voucher,6,104.47
ORD_50645,1,boleto,4,128.32
ORD_50646,1,voucher,5,124.79
ORD_50647,1,boleto,6,137.54
ORD_50648,1,boleto,2,159.62
ORD_50649,1,credit_card,6,155.55
ORD_50650,1,boleto,1,143.64
ORD_50651,1,voucher,6,122.06
ORD_50652,1,boleto,4,110.95
ORD_50653,1,credit_card,3,113.5
ORD_50654,1,credit_card,5,147.02
ORD_50655,1,boleto,4,125.39
ORD_50656,1,boleto,5,138.34
ORD_50657,1,boleto,2,108.9
ORD_50658,1,voucher,2,113.59
ORD_50659,1,voucher,5,112.69
ORD_50660,1,voucher,1,116.88
ORD_50661,1,credit_card,4,152.24
ORD_50662,1,voucher,4,130.81
ORD_50663,1,credit_card,4,115.01
ORD_50664,1,boleto,2,136.45
ORD_50665,1,voucher,1,144.33
ORD_50666,1,boleto,6,145.39
ORD_50667,1,voucher,2,392.37
ORD_50668,1,credit_card,1,286.17
ORD_50669,1,credit_card,1,376.14
ORD_50670,1,voucher,4,311.0
ORD_50671,1,credit_card,5,373.92
ORD_50672,1,credit_card,6,265.53
ORD_50673,1,credit_card,1,392.51
ORD_50674,1,credit_card,1,245.63
ORD_50675,1,credit_card,6,343.72
ORD_50676,1,voucher,1,395.8
ORD_50677,1,boleto,3,341.17
ORD_50678,1,voucher,3,412.35
ORD_50679,1,credit_card,3,356.82
ORD_50680,1,boleto,2,347.32
ORD_50681,1,boleto,3,288.49
ORD_50682,1,credit_card,1,387.58
ORD_50683,1,boleto,5,390.97
ORD_50684,1,boleto,2,274.45
ORD_50685,1,credit_card,4,292.89
ORD_50686,1,boleto,2,256.55
ORD_50687,1,credit_card,3,343.18
ORD_50688,1,boleto,4,256.87
ORD_50689,1,voucher,2,345.61
ORD_50690,1,boleto,1,335.19
ORD_50691,1,voucher,2,311.15
ORD_50692,1,voucher,1,405.93
ORD_50693,1,credit_card,5,315.41
ORD_50694,1,credit_card,6,259.3
ORD_50695,1,voucher,6,262.98
ORD_50696,1,credit_card,3,379.07
ORD_50697,1,boleto,5,300.46
ORD_50698,1,voucher,5,354.27
ORD_50699,1,voucher,6,364.21
ORD_50700,1,credit_card,3,294.82
ORD_50701,1,credit_card,5,256.65
ORD_50702,1,credit_card,3,353.93
ORD_50703,1,boleto,3,287.16
ORD_50704,1,voucher,5,308.79
ORD_50705,1,credit_card,1,267.44
ORD_50706,1,credit_card,6,263.77
ORD_50707,1,credit_card,4,403.49
ORD_50708,1,credit_card,2,284.77
ORD_50709,1,boleto,5,337.57
ORD_50710,1,credit_card,3,309.15
ORD_50711,1,credit_card,2,297.08
ORD_50712,1,voucher,5,343.33
ORD_50713,1,credit_card,3,266.49
ORD_50714,1,voucher,1,272.8
ORD_50715,1,voucher,3,307.54
ORD_50716,1,boleto,2,367.31
ORD_50717,1,boleto,3,348.14
ORD_50718,1,voucher,4,289.1
ORD_50719,1,boleto,3,304.47
ORD_50720,1,boleto,2,330.22
ORD_50721,1,voucher,4,350.75
ORD_50722,1,boleto,2,386.02
ORD_50723,1,boleto,3,240.25
ORD_50724,1,boleto,3,356.78
ORD_50725,1,voucher,1,272.45
ORD_50726,1,voucher,3,261.46
ORD_50727,1,voucher,4,378.02
ORD_50728,1,credit_card,3,274.72
ORD_50729,1,voucher,6,299.88
ORD_50730,1,voucher,6,310.23
ORD_50731,1,voucher,4,385.28
ORD_50732,1,voucher,1,387.41
ORD_50733,1,voucher,3,274.41
ORD_50734,1,voucher,2,323.33
ORD_50735,1,boleto,3,391.97
ORD_50736,1,boleto,3,235.57
ORD_50737,1,voucher,2,253.01
ORD_50738,1,credit_card,2,310.71
ORD_50739,1,voucher,5,250.75
ORD_50740,1,credit_card,6,281.56
ORD_50741,1,boleto,4,245.26
ORD_50742,1,credit_card,1,317.01
ORD_50743,1,credit_card,5,363.64
ORD_50744,1,voucher,3,240.72
ORD_50745,1,credit_card,5,324.22
ORD_50746,1,voucher,1,402.6
ORD_50747,1,credit_card,4,304.57
ORD_50748,1,credit_card,3,313.79
ORD_50749,1,voucher,3,311.9
ORD_50750,1,boleto,4,325.94
ORD_50751,1,credit_card,1,282.22
ORD_50752,1,voucher,1,403.59
ORD_50753,1,boleto,6,255.83
ORD_50754,1,boleto,2,252.67
ORD_50755,1,voucher,5,349.23
ORD_50756,1,boleto,5,357.4
ORD_50757,1,credit_card,1,279.38
ORD_50758,1,voucher,6,396.71
ORD_50759,1,voucher,4,375.51
ORD_50760,1,voucher,1,329.33
ORD_50761,1,boleto,4,289.85
ORD_50762,1,boleto,4,383.23
ORD_50763,1,voucher,5,331.37
ORD_50764,1,boleto,4,320.92
ORD_50765,1,voucher,1,289.64
ORD_50766,1,boleto,4,355.95
ORD_50767,1,credit_card,2,297.21
ORD_50768,1,boleto,1,380.35
ORD_50769,1,boleto,5,240.88
ORD_50770,1,boleto,5,328.58
ORD_50771,1,credit_card,3,246.61
ORD_50772,1,credit_card,4,308.84
ORD_50773,1,boleto,2,284.55
ORD_50774,1,credit_card,5,340.03
ORD_50775,1,boleto,5,370.67
ORD_50776,1,voucher,5,319.8
ORD_50777,1,voucher,6,332.71
ORD_50778,1,voucher,1,398.82
ORD_50779,1,voucher,3,283.38
ORD_50780,1,boleto,6,370.72
ORD_50781,1,credit_card,2,247.68
ORD_50782,1,credit_card,2,301.9
ORD_50783,1,voucher,1,348.86
ORD_50784,1,credit_card,4,290.94
ORD_50785,1,voucher,5,277.85
ORD_50786,1,voucher,1,390.41
ORD_50787,1,credit_card,1,385.76
ORD_50788,1,credit_card,4,283.32
ORD_50789,1,boleto,2,323.98
ORD_50790,1,credit_card,3,350.63
ORD_50791,1,credit_card,5,386.33
ORD_50792,1,boleto,1,385.62
ORD_50793,1,boleto,6,399.27
ORD_50794,1,voucher,4,386.65
ORD_50795,1,boleto,5,312.46
ORD_50796,1,credit_card,6,303.55
ORD_50797,1,voucher,3,242.32
ORD_50798,1,voucher,2,290.93
ORD_50799,1,boleto,2,380.15
ORD_50800,1,boleto,2,282.38
ORD_50801,1,voucher,6,382.48
ORD_50802,1,credit_card,4,359.61
ORD_50803,1,voucher,1,405.15
ORD_50804,1,boleto,3,359.28
ORD_50805,1,credit_card,3,384.46
ORD_50806,1,credit_card,3,305.63
ORD_50807,1,voucher,4,297.9
ORD_50808,1,boleto,6,381.0
ORD_50809,1,credit_card,1,359.47
ORD_50810,1,boleto,5,385.02
ORD_50811,1,boleto,4,328.96
ORD_50812,1,boleto,2,326.43
ORD_50813,1,credit_card,2,273.55
ORD_50814,1,voucher,3,277.33
ORD_50815,1,credit_card,5,292.41
ORD_50816,1,credit_card,1,261.97
ORD_50817,1,credit_card,4,305.52
ORD_50818,1,credit_card,1,246.3
ORD_50819,1,voucher,5,266.15
ORD_50820,1,credit_card,4,325.37
ORD_50821,1,boleto,6,386.08
ORD_50822,1,credit_card,1,377.61
ORD_50823,1,boleto,1,335.63
ORD_50824,1,voucher,3,266.51
ORD_50825,1,boleto,1,319.32
ORD_50826,1,credit_card,4,243.58
ORD_50827,1,boleto,6,251.26
ORD_50828,1,credit_card,4,374.38
ORD_50829,1,boleto,5,247.36
ORD_50830,1,voucher,2,317.24
ORD_50831,1,voucher,1,317.18
ORD_50832,1,voucher,3,289.87
ORD_50833,1,voucher,1,327.17
ORD_50834,1,boleto,3,346.82
ORD_50835,1,boleto,2,260.94
ORD_50836,1,boleto,5,379.49
ORD_50837,1,boleto,2,340.6
ORD_50838,1,boleto,5,377.43
ORD_50839,1,boleto,6,274.25
ORD_50840,1,credit_card,2,367.38
ORD_50841,1,credit_card,2,362.33
ORD_50842,1,boleto,2,247.86
ORD_50843,1,voucher,4,383.81
ORD_50844,1,boleto,5,330.52
ORD_50845,1,boleto,4,253.05
ORD_50846,1,voucher,6,304.15
ORD_50847,1,voucher,3,326.96
ORD_50848,1,boleto,5,376.78
ORD_50849,1,voucher,2,246.5
ORD_50850,1,voucher,4,383.45
ORD_50851,1,voucher,6,378.16
ORD_50852,1,voucher,6,340.27
ORD_50853,1,boleto,1,269.31
ORD_50854,1,boleto,3,323.35
ORD_50855,1,boleto,1,362.95
ORD_50856,1,boleto,1,311.51
ORD_50857,1,voucher,6,386.37
ORD_50858,1,credit_card,5,373.12
ORD_50859,1,credit_card,6,376.11
ORD_50860,1,credit_card,6,366.07
ORD_50861,1,credit_card,4,366.23
ORD_50862,1,boleto,3,282.89
ORD_50863,1,boleto,4,365.65
ORD_50864,1,credit_card,1,393.15
ORD_50865,1,credit_card,4,294.69
ORD_50866,1,credit_card,5,338.31
ORD_50867,1,voucher,5,309.84
ORD_50868,1,voucher,5,228.73
ORD_50869,1,voucher,6,399.31
ORD_50870,1,boleto,4,249.96
ORD_50871,1,voucher,3,271.71
ORD_50872,1,voucher,3,391.37
ORD_50873,1,boleto,6,359.97
ORD_50874,1,voucher,1,307.59
ORD_50875,1,voucher,6,293.46
ORD_50876,1,credit_card,3,326.7
ORD_50877,1,voucher,4,312.12
ORD_50878,1,credit_card,4,391.07
ORD_50879,1,boleto,6,382.3
ORD_50880,1,voucher,2,382.6
ORD_50881,1,boleto,1,356.07
ORD_50882,1,credit_card,1,328.47
ORD_50883,1,boleto,3,253.18
ORD_50884,1,boleto,1,258.48
ORD_50885,1,boleto,1,239.75
ORD_50886,1,boleto,4,333.25
ORD_50887,1,boleto,6,312.2
ORD_50888,1,voucher,5,249.6
ORD_50889,1,voucher,4,296.35
ORD_50890,1,voucher,6,361.81
ORD_50891,1,credit_card,4,395.43
ORD_50892,1,credit_card,2,398.68
ORD_50893,1,boleto,1,299.7
ORD_50894,1,boleto,3,377.82
ORD_50895,1,boleto,1,284.94
ORD_50896,1,credit_card,1,248.1
ORD_50897,1,boleto,3,295.57
ORD_50898,1,voucher,2,267.66
ORD_50899,1,boleto,5,272.64
ORD_50900,1,boleto,5,335.03
ORD_50901,1,boleto,1,290.57
ORD_50902,1,credit_card,5,294.92
ORD_50903,1,boleto,6,368.72
ORD_50904,1,voucher,4,273.31
ORD_50905,1,voucher,5,243.44
ORD_50906,1,voucher,3,376.52
ORD_50907,1,voucher,3,391.5
ORD_50908,1,voucher,3,293.19
ORD_50909,1,credit_card,6,335.68
ORD_50910,1,credit_card,6,362.69
ORD_50911,1,boleto,5,340.34
ORD_50912,1,credit_card,4,265.16
ORD_50913,1,boleto,6,371.74
ORD_50914,1,voucher,6,247.98
ORD_50915,1,voucher,5,265.24
ORD_50916,1,boleto,5,364.72
ORD_50917,1,voucher,5,415.65
ORD_50918,1,boleto,1,304.87
ORD_50919,1,voucher,2,323.9
ORD_50920,1,credit_card,3,298.53
ORD_50921,1,credit_card,3,389.86
ORD_50922,1,credit_card,5,242.88
ORD_50923,1,credit_card,3,289.32
ORD_50924,1,boleto,1,363.73
ORD_50925,1,boleto,6,381.41
ORD_50926,1,voucher,4,252.2
ORD_50927,1,boleto,2,299.68
ORD_50928,1,voucher,5,317.39
ORD_50929,1,credit_card,1,339.35
ORD_50930,1,voucher,5,382.93
ORD_50931,1,credit_card,2,367.14
ORD_50932,1,boleto,3,319.61
ORD_50933,1,boleto,3,296.06
ORD_50934,1,credit_card,4,323.39
ORD_50935,1,credit_card,6,364.12
ORD_50936,1,boleto,5,378.94
ORD_50937,1,boleto,2,321.72
ORD_50938,1,boleto,6,279.56
ORD_50939,1,boleto,1,294.35
ORD_50940,1,voucher,3,303.79
ORD_50941,1,voucher,2,277.06
ORD_50942,1,voucher,2,381.59
ORD_50943,1,boleto,3,285.85
ORD_50944,1,credit_card,2,388.17
ORD_50945,1,voucher,4,348.85
ORD_50946,1,credit_card,3,380.55
ORD_50947,1,boleto,2,388.45
ORD_50948,1,voucher,3,364.42
ORD_50949,1,voucher,4,359.1
ORD_50950,1,voucher,1,344.2
ORD_50951,1,boleto,2,314.15
ORD_50952,1,boleto,5,328.19
ORD_50953,1,voucher,1,330.16
ORD_50954,1,boleto,3,297.54
ORD_50955,1,boleto,1,291.22
ORD_50956,1,credit_card,3,297.52
ORD_50957,1,voucher,3,364.6
ORD_50958,1,boleto,3,242.03
ORD_50959,1,credit_card,6,388.4
ORD_50960,1,boleto,2,296.63
ORD_50961,1,credit_card,3,304.2
ORD_50962,1,boleto,3,314.97
ORD_50963,1,voucher,3,367.56
ORD_50964,1,boleto,5,393.12
ORD_50965,1,voucher,4,397.58
ORD_50966,1,credit_card,2,339.55
ORD_50967,1,credit_card,4,240.31
ORD_50968,1,boleto,1,350.21
ORD_50969,1,boleto,2,382.63
ORD_50970,1,boleto,2,313.75
ORD_50971,1,boleto,5,260.08
ORD_50972,1,boleto,1,234.65
ORD_50973,1,boleto,4,394.73
ORD_50974,1,boleto,6,275.77
ORD_50975,1,voucher,6,312.73
ORD_50976,1,boleto,6,272.47
ORD_50977,1,voucher,1,384.87
ORD_50978,1,boleto,2,314.3
ORD_50979,1,boleto,1,373.12
ORD_50980,1,credit_card,5,329.24
ORD_50981,1,voucher,1,271.66
ORD_50982,1,voucher,3,354.59
ORD_50983,1,voucher,2,360.62
ORD_50984,1,boleto,1,296.62
ORD_50985,1,boleto,2,363.48
ORD_50986,1,credit_card,6,405.6
ORD_50987,1,credit_card,6,369.68
ORD_50988,1,voucher,6,365.62
ORD_50989,1,credit_card,2,388.74
ORD_50990,1,credit_card,4,303.36
ORD_50991,1,credit_card,1,354.59
ORD_50992,1,voucher,3,272.13
ORD_50993,1,voucher,3,298.78
ORD_50994,1,boleto,4,336.83
ORD_50995,1,credit_card,3,272.48
ORD_50996,1,credit_card,3,350.72
ORD_50997,1,voucher,4,285.39
ORD_50998,1,voucher,3,320.91
ORD_50999,1,voucher,1,294.58
ORD_51000,1,boleto,6,325.81
ORD_51001,1,credit_card,2,242.15
ORD_51002,1,boleto,6,279.1
ORD_51003,1,voucher,2,269.75
ORD_51004,1,boleto,1,281.47
ORD_51005,1,voucher,6,319.55
ORD_51006,1,voucher,5,360.89
ORD_51007,1,boleto,4,316.09
ORD_51008,1,credit_card,2,261.16
ORD_51009,1,boleto,6,325.56
ORD_51010,1,boleto,5,401.34
ORD_51011,1,voucher,3,360.57
ORD_51012,1,boleto,4,351.6
ORD_51013,1,voucher,6,396.61
ORD_51014,1,voucher,2,288.1
ORD_51015,1,credit_card,5,301.41
ORD_51016,1,voucher,5,273.48
ORD_51017,1,credit_card,1,367.01
ORD_51018,1,voucher,4,279.8
ORD_51019,1,voucher,4,239.67
ORD_51020,1,credit_card,6,260.87
ORD_51021,1,credit_card,2,304.31
ORD_51022,1,boleto,6,270.97
ORD_51023,1,boleto,1,250.2
ORD_51024,1,credit_card,1,356.03
ORD_51025,1,boleto,5,318.75
ORD_51026,1,voucher,4,316.5
ORD_51027,1,boleto,4,387.89
ORD_51028,1,boleto,6,373.65
ORD_51029,1,voucher,2,382.99
ORD_51030,1,voucher,3,341.92
ORD_51031,1,boleto,6,392.69
ORD_51032,1,voucher,6,296.72
ORD_51033,1,voucher,6,347.01
ORD_51034,1,voucher,5,373.27
ORD_51035,1,credit_card,2,316.8
ORD_51036,1,credit_card,2,252.32
ORD_51037,1,credit_card,6,344.08
ORD_51038,1,boleto,2,248.59
ORD_51039,1,voucher,6,300.34
ORD_51040,1,boleto,1,275.76
ORD_51041,1,voucher,3,359.7
ORD_51042,1,voucher,2,292.81
ORD_51043,1,voucher,6,368.58
ORD_51044,1,boleto,2,238.54
ORD_51045,1,credit_card,6,258.17
ORD_51046,1,credit_card,3,288.89
ORD_51047,1,boleto,1,324.96
ORD_51048,1,voucher,6,389.08
ORD_51049,1,boleto,3,408.3
ORD_51050,1,voucher,3,308.7
ORD_51051,1,credit_card,6,290.13
ORD_51052,1,boleto,2,312.44
ORD_51053,1,boleto,6,355.73
ORD_51054,1,credit_card,4,91.89
ORD_51055,1,boleto,6,117.43
ORD_51056,1,boleto,5,124.13
ORD_51057,1,credit_card,2,82.11
ORD_51058,1,voucher,4,101.73
ORD_51059,1,voucher,4,83.4
ORD_51060,1,voucher,6,101.98
ORD_51061,1,voucher,2,108.8
ORD_51062,1,credit_card,1,105.1
ORD_51063,1,boleto,6,109.13
ORD_51064,1,boleto,1,88.63
ORD_51065,1,credit_card,5,117.27
ORD_51066,1,boleto,5,97.75
ORD_51067,1,boleto,2,82.53
ORD_51068,1,boleto,5,127.74
ORD_51069,1,credit_card,2,105.75
ORD_51070,1,voucher,2,116.81
ORD_51071,1,boleto,5,83.09
ORD_51072,1,boleto,6,125.31
ORD_51073,1,credit_card,1,117.69
ORD_51074,1,boleto,5,81.03
ORD_51075,1,credit_card,4,120.92
ORD_51076,1,voucher,5,78.78
ORD_51077,1,voucher,5,132.04
ORD_51078,1,credit_card,5,94.72
ORD_51079,1,boleto,6,90.92
ORD_51080,1,credit_card,1,96.59
ORD_51081,1,voucher,1,115.46
ORD_51082,1,boleto,3,77.52
ORD_51083,1,credit_card,1,90.43
ORD_51084,1,boleto,1,107.59
ORD_51085,1,boleto,3,96.91
ORD_51086,1,credit_card,4,104.99
ORD_51087,1,boleto,6,108.47
ORD_51088,1,voucher,3,89.27
ORD_51089,1,credit_card,4,125.24
ORD_51090,1,boleto,5,116.59
ORD_51091,1,credit_card,2,126.35
ORD_51092,1,boleto,4,95.09
ORD_51093,1,credit_card,4,92.68
ORD_51094,1,credit_card,3,95.26
ORD_51095,1,voucher,6,105.44
ORD_51096,1,credit_card,1,105.55
ORD_51097,1,credit_card,5,123.86
ORD_51098,1,voucher,2,108.07
ORD_51099,1,credit_card,3,106.19
ORD_51100,1,boleto,1,116.47
ORD_51101,1,boleto,4,108.36
ORD_51102,1,boleto,3,88.6
ORD_51103,1,credit_card,3,113.98
ORD_51104,1,boleto,2,106.15
ORD_51105,1,credit_card,6,84.78
ORD_51106,1,credit_card,2,129.22
ORD_51107,1,voucher,3,77.02
ORD_51108,1,credit_card,2,109.66
ORD_51109,1,boleto,3,118.05
ORD_51110,1,voucher,5,83.9
ORD_51111,1,credit_card,6,87.88
ORD_51112,1,credit_card,2,110.81
ORD_51113,1,boleto,2,99.61
ORD_51114,1,voucher,4,100.3
ORD_51115,1,voucher,3,114.41
ORD_51116,1,voucher,2,93.97
ORD_51117,1,credit_card,5,108.56
ORD_51118,1,credit_card,6,134.2
ORD_51119,1,voucher,1,103.72
ORD_51120,1,voucher,5,124.57
ORD_51121,1,voucher,5,90.03
ORD_51122,1,credit_card,5,103.98
ORD_51123,1,boleto,1,99.18
ORD_51124,1,voucher,2,91.75
ORD_51125,1,voucher,5,130.29
ORD_51126,1,voucher,5,120.92
ORD_51127,1,credit_card,1,93.05
ORD_51128,1,credit_card,6,111.91
ORD_51129,1,voucher,1,102.86
ORD_51130,1,boleto,3,113.81
ORD_51131,1,voucher,1,104.79
ORD_51132,1,credit_card,1,85.47
ORD_51133,1,voucher,3,95.79
ORD_51134,1,boleto,2,119.08
ORD_51135,1,boleto,1,89.73
ORD_51136,1,boleto,5,87.66
ORD_51137,1,boleto,3,112.97
ORD_51138,1,credit_card,1,120.43
ORD_51139,1,boleto,1,104.43
ORD_51140,1,boleto,2,104.18
ORD_51141,1,voucher,6,110.85
ORD_51142,1,voucher,4,98.37
ORD_51143,1,voucher,6,92.63
ORD_51144,1,boleto,5,83.38
ORD_51145,1,boleto,2,88.33
ORD_51146,1,credit_card,2,124.58
ORD_51147,1,voucher,1,117.33
ORD_51148,1,credit_card,4,79.62
ORD_51149,1,credit_card,5,79.6
ORD_51150,1,voucher,3,81.16
ORD_51151,1,credit_card,2,112.14
ORD_51152,1,credit_card,4,83.86
ORD_51153,1,voucher,3,120.58
ORD_51154,1,voucher,4,101.48
ORD_51155,1,credit_card,6,83.37
ORD_51156,1,voucher,6,103.13
ORD_51157,1,boleto,1,111.15
ORD_51158,1,credit_card,3,121.35
ORD_51159,1,boleto,2,90.39
ORD_51160,1,voucher,1,83.48
ORD_51161,1,credit_card,3,77.84
ORD_51162,1,boleto,2,114.68
ORD_51163,1,credit_card,5,115.19
ORD_51164,1,boleto,2,113.95
ORD_51165,1,credit_card,2,87.45
ORD_51166,1,voucher,6,98.9
ORD_51167,1,credit_card,6,101.71
ORD_51168,1,voucher,6,114.16
ORD_51169,1,credit_card,4,128.42
ORD_51170,1,credit_card,1,104.39
ORD_51171,1,boleto,6,126.08
ORD_51172,1,boleto,5,124.31
ORD_51173,1,boleto,1,111.67
ORD_51174,1,credit_card,5,113.13
ORD_51175,1,boleto,4,87.21
ORD_51176,1,voucher,1,88.49
ORD_51177,1,credit_card,1,103.73
ORD_51178,1,boleto,3,120.22
ORD_51179,1,boleto,1,98.82
ORD_51180,1,voucher,4,91.66
ORD_51181,1,voucher,4,76.08
ORD_51182,1,credit_card,3,89.97
ORD_51183,1,credit_card,1,103.78
ORD_51184,1,boleto,4,94.21
ORD_51185,1,boleto,6,119.5
ORD_51186,1,voucher,5,86.19
ORD_51187,1,voucher,3,116.68
ORD_51188,1,credit_card,6,100.93
ORD_51189,1,voucher,4,124.12
ORD_51190,1,boleto,6,112.01
ORD_51191,1,voucher,5,93.89
ORD_51192,1,credit_card,6,124.8
ORD_51193,1,boleto,5,103.88
ORD_51194,1,voucher,2,96.44
ORD_51195,1,voucher,3,104.63
ORD_51196,1,voucher,4,77.68
ORD_51197,1,credit_card,6,110.43
ORD_51198,1,credit_card,3,99.2
ORD_51199,1,boleto,3,118.45
ORD_51200,1,credit_card,1,77.44
ORD_51201,1,boleto,3,114.15
ORD_51202,1,voucher,6,121.06
ORD_51203,1,credit_card,4,102.02
ORD_51204,1,credit_card,5,92.44
ORD_51205,1,voucher,2,103.08
ORD_51206,1,voucher,2,98.13
ORD_51207,1,voucher,6,117.38
ORD_51208,1,credit_card,6,87.01
ORD_51209,1,credit_card,6,119.32
ORD_51210,1,boleto,3,101.97
ORD_51211,1,boleto,1,123.12
ORD_51212,1,credit_card,6,130.01
ORD_51213,1,boleto,1,118.43
ORD_51214,1,voucher,5,126.77
ORD_51215,1,credit_card,5,95.9
ORD_51216,1,boleto,1,117.49
ORD_51217,1,credit_card,3,90.6
ORD_51218,1,voucher,3,89.33
ORD_51219,1,boleto,2,117.44
ORD_51220,1,voucher,3,81.88
ORD_51221,1,boleto,3,92.72
ORD_51222,1,voucher,1,112.37
ORD_51223,1,boleto,5,91.04
ORD_51224,1,boleto,2,88.41
ORD_51225,1,boleto,1,99.97
ORD_51226,1,boleto,2,89.27
ORD_51227,1,credit_card,5,89.2
ORD_51228,1,boleto,3,103.43
ORD_51229,1,boleto,1,106.89
ORD_51230,1,voucher,1,107.45
ORD_51231,1,credit_card,5,99.65
ORD_51232,1,boleto,6,79.18
ORD_51233,1,boleto,4,92.87
ORD_51234,1,boleto,6,108.59
ORD_51235,1,credit_card,1,87.8
ORD_51236,1,boleto,5,88.41
ORD_51237,1,credit_card,3,81.04
ORD_51238,1,voucher,4,93.32
ORD_51239,1,voucher,4,121.94
ORD_51240,1,boleto,3,108.05
ORD_51241,1,voucher,1,92.72
ORD_51242,1,voucher,1,112.74
ORD_51243,1,boleto,2,106.22
ORD_51244,1,boleto,3,110.32
ORD_51245,1,credit_card,3,78.4
ORD_51246,1,boleto,4,98.86
ORD_51247,1,boleto,1,113.63
ORD_51248,1,boleto,6,82.07
ORD_51249,1,boleto,4,117.76
ORD_51250,1,credit_card,4,105.04
ORD_51251,1,credit_card,3,95.66
ORD_51252,1,voucher,4,108.28
ORD_51253,1,credit_card,1,124.0
ORD_51254,1,credit_card,5,113.2
ORD_51255,1,boleto,4,110.73
ORD_51256,1,boleto,6,95.01
ORD_51257,1,boleto,6,116.05
ORD_51258,1,boleto,2,84.75
ORD_51259,1,credit_card,2,75.79
ORD_51260,1,credit_card,4,109.49
ORD_51261,1,voucher,5,141.02
ORD_51262,1,voucher,3,98.36
ORD_51263,1,boleto,6,101.49
ORD_51264,1,voucher,1,106.91
ORD_51265,1,credit_card,5,93.32
ORD_51266,1,boleto,6,109.55
ORD_51267,1,credit_card,3,125.28
ORD_51268,1,boleto,2,97.23
ORD_51269,1,boleto,4,123.19
ORD_51270,1,voucher,2,119.68
ORD_51271,1,credit_card,3,101.72
ORD_51272,1,credit_card,3,77.95
ORD_51273,1,voucher,1,82.28
ORD_51274,1,voucher,5,120.99
ORD_51275,1,credit_card,3,92.1
ORD_51276,1,voucher,4,93.24
ORD_51277,1,boleto,2,115.06
ORD_51278,1,credit_card,3,95.51
ORD_51279,1,voucher,2,127.37
ORD_51280,1,voucher,6,107.94
ORD_51281,1,boleto,1,103.04
ORD_51282,1,credit_card,5,84.78
ORD_51283,1,credit_card,4,128.55
ORD_51284,1,credit_card,1,116.62
ORD_51285,1,voucher,4,88.83
ORD_51286,1,voucher,5,79.11
ORD_51287,1,voucher,4,96.88
ORD_51288,1,boleto,5,93.64
ORD_51289,1,voucher,1,96.14
ORD_51290,1,boleto,4,84.55
ORD_51291,1,voucher,4,96.16
ORD_51292,1,credit_card,6,115.48
ORD_51293,1,boleto,4,115.93
ORD_51294,1,boleto,6,116.81
ORD_51295,1,credit_card,1,104.13
ORD_51296,1,boleto,1,92.37
ORD_51297,1,voucher,4,116.98
ORD_51298,1,credit_card,3,113.36
ORD_51299,1,boleto,6,86.3
ORD_51300,1,boleto,6,115.89
ORD_51301,1,voucher,6,102.62
ORD_51302,1,voucher,3,108.09
ORD_51303,1,credit_card,1,116.99
ORD_51304,1,voucher,4,103.59
ORD_51305,1,boleto,1,128.02
ORD_51306,1,credit_card,2,102.49
ORD_51307,1,voucher,2,122.95
ORD_51308,1,voucher,2,96.12
ORD_51309,1,voucher,6,90.72
ORD_51310,1,boleto,5,124.65
ORD_51311,1,voucher,5,113.7
ORD_51312,1,credit_card,1,137.92
ORD_51313,1,credit_card,2,114.73
ORD_51314,1,boleto,4,153.77
ORD_51315,1,voucher,3,115.23
ORD_51316,1,voucher,1,132.08
ORD_51317,1,voucher,2,184.02
ORD_51318,1,boleto,3,125.71
ORD_51319,1,voucher,1,139.08
ORD_51320,1,voucher,3,128.65
ORD_51321,1,voucher,2,168.28
ORD_51322,1,voucher,5,119.38
ORD_51323,1,credit_card,3,165.31
ORD_51324,1,credit_card,2,163.27
ORD_51325,1,boleto,3,124.32
ORD_51326,1,boleto,4,152.23
ORD_51327,1,voucher,1,129.58
ORD_51328,1,boleto,3,186.32
ORD_51329,1,voucher,6,169.39
ORD_51330,1,boleto,5,172.97
ORD_51331,1,voucher,2,184.31
ORD_51332,1,voucher,3,120.35
ORD_51333,1,boleto,6,140.61
ORD_51334,1,boleto,2,166.87
ORD_51335,1,credit_card,4,139.18
ORD_51336,1,boleto,2,149.32
ORD_51337,1,voucher,1,125.79
ORD_51338,1,boleto,1,172.63
ORD_51339,1,voucher,6,123.96
ORD_51340,1,credit_card,2,111.46
ORD_51341,1,boleto,2,110.98
ORD_51342,1,boleto,3,173.97
ORD_51343,1,credit_card,1,170.24
ORD_51344,1,boleto,2,181.71
ORD_51345,1,voucher,5,173.4
ORD_51346,1,boleto,6,165.93
ORD_51347,1,credit_card,3,178.51
ORD_51348,1,voucher,4,165.87
ORD_51349,1,voucher,4,119.72
ORD_51350,1,boleto,6,171.12
ORD_51351,1,boleto,1,172.96
ORD_51352,1,credit_card,2,156.59
ORD_51353,1,voucher,4,133.82
ORD_51354,1,voucher,2,176.79
ORD_51355,1,credit_card,4,174.44
ORD_51356,1,voucher,5,125.06
ORD_51357,1,boleto,4,119.54
ORD_51358,1,credit_card,6,161.56
ORD_51359,1,boleto,3,157.35
ORD_51360,1,credit_card,3,179.64
ORD_51361,1,voucher,4,184.76
ORD_51362,1,voucher,5,153.76
ORD_51363,1,credit_card,3,145.63
ORD_51364,1,credit_card,2,167.63
ORD_51365,1,credit_card,4,147.97
ORD_51366,1,credit_card,4,154.16
ORD_51367,1,credit_card,3,142.48
ORD_51368,1,credit_card,5,165.84
ORD_51369,1,voucher,6,159.62
ORD_51370,1,voucher,6,137.56
ORD_51371,1,voucher,2,166.91
ORD_51372,1,voucher,6,119.75
ORD_51373,1,voucher,2,154.13
ORD_51374,1,voucher,2,149.57
ORD_51375,1,boleto,6,181.02
ORD_51376,1,boleto,4,129.56
ORD_51377,1,boleto,6,114.04
ORD_51378,1,boleto,5,160.63
ORD_51379,1,boleto,1,138.94
ORD_51380,1,boleto,3,167.87
ORD_51381,1,boleto,4,140.3
ORD_51382,1,voucher,5,171.84
ORD_51383,1,voucher,3,163.82
ORD_51384,1,voucher,2,158.64
ORD_51385,1,boleto,2,179.69
ORD_51386,1,voucher,1,116.94
ORD_51387,1,voucher,6,132.85
ORD_51388,1,voucher,4,171.75
ORD_51389,1,voucher,6,113.73
ORD_51390,1,credit_card,6,150.19
ORD_51391,1,credit_card,3,147.39
ORD_51392,1,boleto,4,177.73
ORD_51393,1,boleto,6,148.36
ORD_51394,1,voucher,4,119.24
ORD_51395,1,boleto,2,153.12
ORD_51396,1,credit_card,6,168.4
ORD_51397,1,credit_card,4,161.4
ORD_51398,1,credit_card,1,137.14
ORD_51399,1,voucher,4,128.15
ORD_51400,1,voucher,6,166.96
ORD_51401,1,credit_card,2,145.17
ORD_51402,1,boleto,2,108.75
ORD_51403,1,boleto,3,110.29
ORD_51404,1,voucher,6,159.29
ORD_51405,1,boleto,5,189.04
ORD_51406,1,boleto,1,130.58
ORD_51407,1,credit_card,6,135.97
ORD_51408,1,voucher,2,124.67
ORD_51409,1,voucher,6,132.2
ORD_51410,1,voucher,2,155.57
ORD_51411,1,voucher,1,138.57
ORD_51412,1,credit_card,2,132.49
ORD_51413,1,boleto,1,144.86
ORD_51414,1,boleto,3,137.8
ORD_51415,1,boleto,5,167.98
ORD_51416,1,boleto,4,176.0
ORD_51417,1,credit_card,3,160.64
ORD_51418,1,credit_card,4,123.2
ORD_51419,1,voucher,2,132.76
ORD_51420,1,voucher,3,155.14
ORD_51421,1,voucher,1,132.17
ORD_51422,1,voucher,1,138.72
ORD_51423,1,credit_card,1,169.14
ORD_51424,1,credit_card,6,177.24
ORD_51425,1,voucher,3,178.15
ORD_51426,1,voucher,2,115.33
ORD_51427,1,voucher,5,137.06
ORD_51428,1,boleto,4,150.73
ORD_51429,1,voucher,1,184.99
ORD_51430,1,credit_card,3,143.81
ORD_51431,1,voucher,3,140.67
ORD_51432,1,credit_card,3,132.07
ORD_51433,1,boleto,3,153.05
ORD_51434,1,credit_card,6,117.99
ORD_51435,1,voucher,6,165.13
ORD_51436,1,boleto,1,133.47
ORD_51437,1,boleto,5,150.29
ORD_51438,1,credit_card,4,150.68
ORD_51439,1,boleto,2,134.56
ORD_51440,1,credit_card,3,161.29
ORD_51441,1,voucher,1,132.76
ORD_51442,1,voucher,2,149.37
ORD_51443,1,credit_card,1,123.41
ORD_51444,1,boleto,1,147.3
ORD_51445,1,credit_card,4,127.2
ORD_51446,1,boleto,5,135.04
ORD_51447,1,credit_card,4,161.98
ORD_51448,1,voucher,4,175.21
ORD_51449,1,credit_card,2,155.87
ORD_51450,1,voucher,1,142.32
ORD_51451,1,boleto,4,128.62
ORD_51452,1,boleto,4,142.62
ORD_51453,1,credit_card,2,186.59
ORD_51454,1,credit_card,2,166.9
ORD_51455,1,boleto,4,132.8
ORD_51456,1,boleto,6,140.69
ORD_51457,1,boleto,5,122.16
ORD_51458,1,voucher,3,132.91
ORD_51459,1,boleto,1,146.86
ORD_51460,1,boleto,3,172.2
ORD_51461,1,boleto,3,149.5
ORD_51462,1,credit_card,3,169.13
ORD_51463,1,voucher,4,131.55
ORD_51464,1,credit_card,3,146.52
ORD_51465,1,credit_card,3,146.8
ORD_51466,1,boleto,6,121.99
ORD_51467,1,voucher,5,192.7
ORD_51468,1,boleto,6,124.5
ORD_51469,1,voucher,3,158.57
ORD_51470,1,credit_card,3,170.81
ORD_51471,1,boleto,2,122.76
ORD_51472,1,voucher,3,162.22
ORD_51473,1,boleto,6,170.01
ORD_51474,1,boleto,1,152.49
ORD_51475,1,voucher,3,123.78
ORD_51476,1,voucher,2,123.69
ORD_51477,1,voucher,2,181.54
ORD_51478,1,voucher,3,124.71
ORD_51479,1,boleto,5,138.74
ORD_51480,1,voucher,6,159.08
ORD_51481,1,boleto,4,135.98
ORD_51482,1,boleto,6,148.8
ORD_51483,1,credit_card,6,192.47
ORD_51484,1,voucher,2,189.29
ORD_51485,1,credit_card,4,145.34
ORD_51486,1,boleto,2,176.71
ORD_51487,1,voucher,4,148.53
ORD_51488,1,credit_card,2,166.3
ORD_51489,1,voucher,4,156.71
ORD_51490,1,voucher,1,180.52
ORD_51491,1,credit_card,3,149.51
ORD_51492,1,boleto,1,155.47
ORD_51493,1,boleto,6,167.87
ORD_51494,1,boleto,6,130.15
ORD_51495,1,boleto,6,170.28
ORD_51496,1,boleto,5,168.72
ORD_51497,1,boleto,6,181.18
ORD_51498,1,credit_card,2,121.51
ORD_51499,1,voucher,3,121.18
ORD_51500,1,credit_card,3,142.45
ORD_51501,1,voucher,2,154.68
ORD_51502,1,boleto,2,108.23
ORD_51503,1,credit_card,6,161.25
ORD_51504,1,credit_card,3,175.22
ORD_51505,1,voucher,5,142.26
ORD_51506,1,voucher,2,129.16
ORD_51507,1,voucher,3,195.23
ORD_51508,1,voucher,5,125.18
ORD_51509,1,boleto,6,181.28
ORD_51510,1,credit_card,5,120.14
ORD_51511,1,voucher,4,175.07
ORD_51512,1,boleto,4,167.71
ORD_51513,1,voucher,3,145.4
ORD_51514,1,boleto,6,154.02
ORD_51515,1,boleto,4,135.28
ORD_51516,1,boleto,3,166.89
ORD_51517,1,voucher,4,151.47
ORD_51518,1,boleto,2,159.85
ORD_51519,1,voucher,4,180.95
ORD_51520,1,boleto,2,141.02
ORD_51521,1,boleto,3,189.67
ORD_51522,1,boleto,3,147.25
ORD_51523,1,boleto,3,108.88
ORD_51524,1,credit_card,3,125.42
ORD_51525,1,voucher,6,171.95
ORD_51526,1,voucher,3,118.54
ORD_51527,1,voucher,1,123.31
ORD_51528,1,boleto,5,173.55
ORD_51529,1,voucher,3,138.27
ORD_51530,1,voucher,6,176.93
ORD_51531,1,credit_card,4,133.16
ORD_51532,1,boleto,4,162.36
ORD_51533,1,boleto,1,145.02
ORD_51534,1,credit_card,5,152.22
ORD_51535,1,voucher,4,164.75
ORD_51536,1,credit_card,6,141.78
ORD_51537,1,voucher,6,144.58
ORD_51538,1,credit_card,1,120.89
ORD_51539,1,voucher,2,143.98
ORD_51540,1,credit_card,1,125.07
ORD_51541,1,boleto,3,151.72
ORD_51542,1,credit_card,2,141.32
ORD_51543,1,voucher,2,109.0
ORD_51544,1,boleto,5,149.19
ORD_51545,1,credit_card,1,114.45
ORD_51546,1,credit_card,5,155.09
ORD_51547,1,credit_card,3,173.49
ORD_51548,1,boleto,2,148.01
ORD_51549,1,voucher,6,116.74
ORD_51550,1,credit_card,5,132.69
ORD_51551,1,credit_card,4,135.3
ORD_51552,1,credit_card,3,160.85
ORD_51553,1,boleto,3,130.77
ORD_51554,1,credit_card,6,132.53
ORD_51555,1,voucher,2,173.06
ORD_51556,1,boleto,4,121.01
ORD_51557,1,credit_card,3,138.44
ORD_51558,1,credit_card,2,166.11
ORD_51559,1,voucher,1,124.01
ORD_51560,1,voucher,3,138.95
ORD_51561,1,voucher,1,162.47
ORD_51562,1,credit_card,6,184.44
ORD_51563,1,boleto,3,115.26
ORD_51564,1,voucher,4,152.92
ORD_51565,1,voucher,4,166.53
ORD_51566,1,boleto,4,132.59
ORD_51567,1,boleto,1,123.16
ORD_51568,1,voucher,1,133.24
ORD_51569,1,credit_card,2,173.61
ORD_51570,1,boleto,5,139.88
ORD_51571,1,credit_card,6,127.8
ORD_51572,1,credit_card,4,171.27
ORD_51573,1,boleto,2,180.92
ORD_51574,1,voucher,5,156.95
ORD_51575,1,credit_card,2,120.53
ORD_51576,1,credit_card,2,129.2
ORD_51577,1,voucher,3,134.65
ORD_51578,1,voucher,5,155.42
ORD_51579,1,voucher,3,119.05
ORD_51580,1,boleto,5,123.44
ORD_51581,1,credit_card,6,134.75
ORD_51582,1,credit_card,3,139.95
ORD_51583,1,boleto,1,164.07
ORD_51584,1,voucher,3,134.53
ORD_51585,1,voucher,6,123.35
ORD_51586,1,voucher,1,180.3
ORD_51587,1,voucher,4,174.16
ORD_51588,1,credit_card,3,125.72
ORD_51589,1,boleto,3,136.79
ORD_51590,1,voucher,3,139.24
ORD_51591,1,boleto,2,167.96
ORD_51592,1,boleto,3,176.3
ORD_51593,1,boleto,6,173.85
ORD_51594,1,credit_card,5,139.12
ORD_51595,1,voucher,6,145.59
ORD_51596,1,voucher,3,185.25
ORD_51597,1,boleto,2,156.78
ORD_51598,1,credit_card,4,121.55
ORD_51599,1,credit_card,1,141.23
ORD_51600,1,boleto,4,166.42
ORD_51601,1,voucher,4,160.53
ORD_51602,1,credit_card,6,131.74
ORD_51603,1,voucher,6,158.0
ORD_51604,1,voucher,6,160.54
ORD_51605,1,boleto,5,140.21
ORD_51606,1,credit_card,3,146.59
ORD_51607,1,boleto,5,112.96
ORD_51608,1,credit_card,4,148.98
ORD_51609,1,boleto,2,148.97
ORD_51610,1,credit_card,5,147.78
ORD_51611,1,voucher,2,157.8
ORD_51612,1,boleto,5,142.14
ORD_51613,1,boleto,2,123.48
ORD_51614,1,credit_card,3,134.82
ORD_51615,1,boleto,1,161.53
ORD_51616,1,voucher,1,123.44
ORD_51617,1,voucher,3,170.85
ORD_51618,1,boleto,1,131.79
ORD_51619,1,credit_card,5,174.76
ORD_51620,1,boleto,3,181.39
ORD_51621,1,boleto,2,129.6
ORD_51622,1,boleto,4,183.32
ORD_51623,1,credit_card,4,126.17
ORD_51624,1,voucher,5,170.4
ORD_51625,1,voucher,6,179.77
ORD_51626,1,credit_card,3,131.0
ORD_51627,1,credit_card,3,153.09
ORD_51628,1,credit_card,1,159.25
ORD_51629,1,boleto,2,121.31
ORD_51630,1,credit_card,5,178.61
ORD_51631,1,boleto,1,183.22
ORD_51632,1,credit_card,3,131.07
ORD_51633,1,boleto,1,172.68
ORD_51634,1,voucher,5,174.1
ORD_51635,1,boleto,3,139.55
ORD_51636,1,credit_card,6,161.28
ORD_51637,1,credit_card,2,124.8
ORD_51638,1,boleto,5,138.9
ORD_51639,1,credit_card,4,134.3
ORD_51640,1,credit_card,4,164.67
ORD_51641,1,credit_card,2,172.19
ORD_51642,1,boleto,2,175.66
ORD_51643,1,voucher,1,134.61
ORD_51644,1,voucher,5,131.24
ORD_51645,1,voucher,5,162.9
ORD_51646,1,credit_card,6,148.41
ORD_51647,1,credit_card,6,163.89
ORD_51648,1,voucher,6,167.62
ORD_51649,1,voucher,4,167.52
ORD_51650,1,credit_card,4,137.84
ORD_51651,1,credit_card,1,157.44
ORD_51652,1,boleto,6,141.11
ORD_51653,1,boleto,2,140.16
ORD_51654,1,voucher,5,159.67
ORD_51655,1,voucher,6,127.8
ORD_51656,1,credit_card,6,130.64
ORD_51657,1,boleto,5,105.29
ORD_51658,1,credit_card,4,156.53
ORD_51659,1,boleto,5,170.67
ORD_51660,1,credit_card,3,131.17
ORD_51661,1,credit_card,3,178.15
ORD_51662,1,boleto,1,163.0
ORD_51663,1,voucher,5,128.11
ORD_51664,1,boleto,6,151.83
ORD_51665,1,credit_card,4,125.95
ORD_51666,1,boleto,1,151.21
ORD_51667,1,credit_card,2,179.01
ORD_51668,1,voucher,2,183.71
ORD_51669,1,boleto,2,119.15
ORD_51670,1,credit_card,4,133.79
ORD_51671,1,boleto,4,159.19
ORD_51672,1,voucher,1,151.55
ORD_51673,1,boleto,4,134.14
ORD_51674,1,boleto,4,136.41
ORD_51675,1,boleto,3,156.16
ORD_51676,1,credit_card,2,170.29
ORD_51677,1,voucher,2,134.21
ORD_51678,1,voucher,1,164.07
ORD_51679,1,voucher,1,161.49
ORD_51680,1,credit_card,1,129.65
ORD_51681,1,boleto,6,161.52
ORD_51682,1,voucher,6,158.52
ORD_51683,1,credit_card,1,140.18
ORD_51684,1,voucher,1,144.55
ORD_51685,1,credit_card,4,169.03
ORD_51686,1,boleto,6,146.31
ORD_51687,1,voucher,1,121.18
ORD_51688,1,voucher,1,115.28
ORD_51689,1,boleto,4,153.72
ORD_51690,1,boleto,5,141.17
ORD_51691,1,boleto,4,117.4
ORD_51692,1,boleto,2,157.24
ORD_51693,1,credit_card,4,139.57
ORD_51694,1,credit_card,1,130.87
ORD_51695,1,boleto,5,152.37
ORD_51696,1,boleto,6,147.92
ORD_51697,1,boleto,2,161.97
ORD_51698,1,boleto,6,143.18
ORD_51699,1,credit_card,5,156.65
ORD_51700,1,credit_card,1,148.35
ORD_51701,1,voucher,4,177.25
ORD_51702,1,boleto,6,161.43
